language;campaign_tree_id;candidate_label;party;canton;campaign_for;financing_id;financing_label
it;1;Candidati sostenuti: 13 (per l’elenco dei nomi, vedere la comunicazione delle entrate sottostante), Attore/trice: Die Mitte Kanton Zug, Rotkreuz;Alleanza del Centro;Zugo;Gruppo di candidati (per l’elenco dei nomi, vedere la comunicazione delle entrate sottostante);1;22.10.2023 Elezioni del Consiglio nazionale 2023
it;10;Zuberbühler David (Appenzello Esterno, Unione democratica di Centro), Attore/trice: Schweizerische Volkspartei von Appenzell Ausserrhoden, Schönengrund;Unione democratica di Centro;Appenzello Esterno;Persona singola;1;22.10.2023 Elezioni del Consiglio nazionale 2023
it;100;Candidati sostenuti: 7 (per l’elenco dei nomi, vedere la comunicazione delle entrate sottostante), Attore/trice: Schweizerische Volkspartei Baselland, Liestal;Unione democratica di Centro;Basilea-Campagna;Gruppo di candidati (per l’elenco dei nomi, vedere la comunicazione delle entrate sottostante);1;22.10.2023 Elezioni del Consiglio nazionale 2023
it;101;Schneeberger Daniela (Basilea-Campagna, PLR.I Liberali Radicali), Attore/trice: Schneeberger Daniela, Thürnen;PLR.I Liberali Radicali;Basilea-Campagna;Persona singola;1;22.10.2023 Elezioni del Consiglio nazionale 2023
it;102;Candidati sostenuti: 10 (per l’elenco dei nomi, vedere la comunicazione delle entrate sottostante), Attore/trice: Parti libéral-radical neuchâtelois, Neuchâtel;PLR.I Liberali Radicali;Neuchâtel;Gruppo di candidati (per l’elenco dei nomi, vedere la comunicazione delle entrate sottostante);1;22.10.2023 Elezioni del Consiglio nazionale 2023
it;103;Nantermod Philippe (Vallese, PLR.I Liberali Radicali), Attore/trice: Association libérale-radicale des districts de Monthey et de St-Maurice, Vouvry;PLR.I Liberali Radicali;Vallese;Persona singola;1;22.10.2023 Elezioni del Consiglio nazionale 2023
it;104;Brunner Hansjörg (Turgovia, PLR.I Liberali Radicali), Attore/trice: Brunner Hansjörg, Wallenwil;PLR.I Liberali Radicali;Turgovia;Persona singola;1;22.10.2023 Elezioni del Consiglio nazionale 2023
it;105;Candidati sostenuti: 12 (per l’elenco dei nomi, vedere la comunicazione delle entrate sottostante), Attore/trice: FDP.Die Liberalen Kanton Solothurn, Solothurn;PLR.I Liberali Radicali;Soletta;Gruppo di candidati (per l’elenco dei nomi, vedere la comunicazione delle entrate sottostante);1;22.10.2023 Elezioni del Consiglio nazionale 2023
it;106;Matter Thomas (Zurigo, Unione democratica di Centro), Attore/trice: Matter Thomas, Meilen;Unione democratica di Centro;Zurigo;Persona singola;1;22.10.2023 Elezioni del Consiglio nazionale 2023
it;107;Martullo Magdalena (Grigioni, Unione democratica di Centro), Attore/trice: Martullo Magdalena, Meilen;Unione democratica di Centro;Grigioni;Persona singola;1;22.10.2023 Elezioni del Consiglio nazionale 2023
it;108;Candidati sostenuti: 36 (per l’elenco dei nomi, vedere la comunicazione delle entrate sottostante), Attore/trice: Schweizerische Volkspartei des Kantons Zürich, Dübendorf;Unione democratica di Centro;Zurigo;Gruppo di candidati (per l’elenco dei nomi, vedere la comunicazione delle entrate sottostante);1;22.10.2023 Elezioni del Consiglio nazionale 2023
it;109;Kandidierende der SVP Schweiz (in tutta la Svizzera, Unione democratica di Centro), Attore/trice: Unione Democratica di Centro (UDC), Bern;Unione democratica di Centro;in tutta la Svizzera;Gruppo di candidati (non é possibile inserire i dettagli di ogni candidato);1;22.10.2023 Elezioni del Consiglio nazionale 2023
it;11;Candidati sostenuti: 36 (per l’elenco dei nomi, vedere la comunicazione delle entrate sottostante), Attore/trice: Jungsozialist*innen des Kantons Zürich, Zürich;Altri partiti politici;Zurigo;Gruppo di candidati (per l’elenco dei nomi, vedere la comunicazione delle entrate sottostante);1;22.10.2023 Elezioni del Consiglio nazionale 2023
it;110;Wyss Andreas (Berna, PLR.I Liberali Radicali), Attore/trice: Wyss Andreas, Kirchberg;PLR.I Liberali Radicali;Berna;Persona singola;1;22.10.2023 Elezioni del Consiglio nazionale 2023
it;111;Candidati sostenuti: 5 (per l’elenco dei nomi, vedere la comunicazione delle entrate sottostante), Attore/trice: Parti socialiste neuchâtelois, Neuchâtel;Partito socialista svizzero;Neuchâtel;Gruppo di candidati (per l’elenco dei nomi, vedere la comunicazione delle entrate sottostante);1;22.10.2023 Elezioni del Consiglio nazionale 2023
it;112;Balmer Bettina (Zurigo, PLR.I Liberali Radicali), Attore/trice: Balmer Bettina, Zürich;PLR.I Liberali Radicali;Zurigo;Persona singola;1;22.10.2023 Elezioni del Consiglio nazionale 2023
it;113;Candidati sostenuti: 9 (per l’elenco dei nomi, vedere la comunicazione delle entrate sottostante), Attore/trice: Sozialdemokratische Partei des Kantons Luzern, Luzern;Partito socialista svizzero;Lucerna;Gruppo di candidati (per l’elenco dei nomi, vedere la comunicazione delle entrate sottostante);1;22.10.2023 Elezioni del Consiglio nazionale 2023
it;114;Regazzi Fabio (Ticino, Alleanza del Centro), Attore/trice: Regazzi Fabio, Gordola;Alleanza del Centro;Ticino;Persona singola;1;22.10.2023 Elezioni del Consiglio nazionale 2023
it;116;Perspektive Schweiz (in tutta la Svizzera, Altri partiti politici), Attore/trice: IG der Wirtschaftsverbände, Zürich;Altri partiti politici;in tutta la Svizzera;Gruppo di candidati (non é possibile inserire i dettagli di ogni candidato);1;22.10.2023 Elezioni del Consiglio nazionale 2023
it;117;Bulliard-Marbach Christine  (Friburgo, Alleanza del Centro), Attore/trice: Bulliard-Marbach Christine, Ueberstorf;Alleanza del Centro;Friburgo;Persona singola;1;22.10.2023 Elezioni del Consiglio nazionale 2023
it;118;Candidati sostenuti: 42 (per l’elenco dei nomi, vedere la comunicazione delle entrate sottostante), Attore/trice: Die Mitte Kanton Solothurn, Solothurn;Alleanza del Centro;Soletta;Gruppo di candidati (per l’elenco dei nomi, vedere la comunicazione delle entrate sottostante);1;22.10.2023 Elezioni del Consiglio nazionale 2023
it;119;Candidati sostenuti: 24 (per l’elenco dei nomi, vedere la comunicazione delle entrate sottostante), Attore/trice: GRÜNE Kanton Bern, Bern;VERDI Svizzeri;Berna;Gruppo di candidati (per l’elenco dei nomi, vedere la comunicazione delle entrate sottostante);1;22.10.2023 Elezioni del Consiglio nazionale 2023
it;12;Borer-Mathys Barbara (Argovia, Unione democratica di Centro), Attore/trice: Borer-Mathys Barbara, Holziken;Unione democratica di Centro;Argovia;Persona singola;1;22.10.2023 Elezioni del Consiglio nazionale 2023
it;120;Candidati sostenuti: 8 (per l’elenco dei nomi, vedere la comunicazione delle entrate sottostante), Attore/trice: Parti socialiste du Valais romand, Sion;Partito socialista svizzero;Vallese;Gruppo di candidati (per l’elenco dei nomi, vedere la comunicazione delle entrate sottostante);1;22.10.2023 Elezioni del Consiglio nazionale 2023
it;122;Steiner Adrian (Lucerna, Alleanza del Centro), Attore/trice: Steiner Adrian, Weggis;Alleanza del Centro;Lucerna;Persona singola;1;22.10.2023 Elezioni del Consiglio nazionale 2023
it;123;Candidati sostenuti: 12 (per l’elenco dei nomi, vedere la comunicazione delle entrate sottostante), Attore/trice: Grünliberale Partei Kanton St. Gallen, Wil;Partito Verde liberale;San Gallo;Gruppo di candidati (per l’elenco dei nomi, vedere la comunicazione delle entrate sottostante);1;22.10.2023 Elezioni del Consiglio nazionale 2023
it;125;Grüter Arno (Zugo, PLR.I Liberali Radicali), Attore/trice: Komitee Arno Grüter, Cham;PLR.I Liberali Radicali;Zugo;Persona singola;1;22.10.2023 Elezioni del Consiglio nazionale 2023
it;126;Riniker Maja (Argovia, PLR.I Liberali Radicali), Attore/trice: Riniker Maja, Suhr;PLR.I Liberali Radicali;Argovia;Persona singola;1;22.10.2023 Elezioni del Consiglio nazionale 2023
it;127;Candidati sostenuti: 12 (per l’elenco dei nomi, vedere la comunicazione delle entrate sottostante), Attore/trice: Freisinnig-Demokratische Partei des Kantons St. Gallen, St. Gallen;PLR.I Liberali Radicali;San Gallo;Gruppo di candidati (per l’elenco dei nomi, vedere la comunicazione delle entrate sottostante);1;22.10.2023 Elezioni del Consiglio nazionale 2023
it;129;Candidati sostenuti: 4 (per l’elenco dei nomi, vedere la comunicazione delle entrate sottostante), Attore/trice: Schweizerische Volkspartei Kanton Schwyz, Steinen;Unione democratica di Centro;Svitto;Gruppo di candidati (per l’elenco dei nomi, vedere la comunicazione delle entrate sottostante);1;22.10.2023 Elezioni del Consiglio nazionale 2023
it;13;Candidati sostenuti: 16 (per l’elenco dei nomi, vedere la comunicazione delle entrate sottostante), Attore/trice: Schweizerische Volkspartei Aargau, Staufen;Partito evangelico svizzero;Argovia;Gruppo di candidati (per l’elenco dei nomi, vedere la comunicazione delle entrate sottostante);1;22.10.2023 Elezioni del Consiglio nazionale 2023
it;130;Candidati sostenuti: 16 (per l’elenco dei nomi, vedere la comunicazione delle entrate sottostante), Attore/trice: FDP.Die Liberalen Aargau, Aarau;PLR.I Liberali Radicali;Argovia;Gruppo di candidati (per l’elenco dei nomi, vedere la comunicazione delle entrate sottostante);1;22.10.2023 Elezioni del Consiglio nazionale 2023
it;131;Albrecht Natacha (Vallese, PLR.I Liberali Radicali), Attore/trice: Albrecht Natacha, Miège;PLR.I Liberali Radicali;Vallese;Persona singola;1;22.10.2023 Elezioni del Consiglio nazionale 2023
it;132;Candidati sostenuti: 4 (per l’elenco dei nomi, vedere la comunicazione delle entrate sottostante), Attore/trice: Schweizerische Volkspartei Basel-Stadt, Basel;Unione democratica di Centro;Basilea-Città;Gruppo di candidati (per l’elenco dei nomi, vedere la comunicazione delle entrate sottostante);1;22.10.2023 Elezioni del Consiglio nazionale 2023
it;133;Berner Yannick (Argovia, PLR.I Liberali Radicali), Attore/trice: Berner Yannick, Aarau;PLR.I Liberali Radicali;Argovia;Persona singola;1;22.10.2023 Elezioni del Consiglio nazionale 2023
it;134;Strupler Manuel (Turgovia, Unione democratica di Centro), Attore/trice: Strupler Manuel, Weinfelden;Unione democratica di Centro;Turgovia;Persona singola;1;22.10.2023 Elezioni del Consiglio nazionale 2023
it;135;Candidati sostenuti: 18 (per l’elenco dei nomi, vedere la comunicazione delle entrate sottostante), Attore/trice: Schweizerische Volkspartei des Kantons und Freistaates Zug, Zug;Unione democratica di Centro;Zugo;Gruppo di candidati (per l’elenco dei nomi, vedere la comunicazione delle entrate sottostante);1;22.10.2023 Elezioni del Consiglio nazionale 2023
it;136;Candidati sostenuti: 12 (per l’elenco dei nomi, vedere la comunicazione delle entrate sottostante), Attore/trice: Schweizerische Volkspartei des Kantons St. Gallen, St. Gallen;Unione democratica di Centro;San Gallo;Gruppo di candidati (per l’elenco dei nomi, vedere la comunicazione delle entrate sottostante);1;22.10.2023 Elezioni del Consiglio nazionale 2023
it;137;Sollberger Sandra (Basilea-Campagna, Unione democratica di Centro), Attore/trice: Sollberger Sandra, Liestal;Unione democratica di Centro;Basilea-Campagna;Persona singola;1;22.10.2023 Elezioni del Consiglio nazionale 2023
it;138;Candidati sostenuti: 12 (per l’elenco dei nomi, vedere la comunicazione delle entrate sottostante), Attore/trice: FDP.Die Liberalen Basel-Stadt, Basel;PLR.I Liberali Radicali;Basilea-Città;Gruppo di candidati (per l’elenco dei nomi, vedere la comunicazione delle entrate sottostante);1;22.10.2023 Elezioni del Consiglio nazionale 2023
it;139;"Klimademo vom 30. September 2023; parteipolitisch neutral will die Klima-Allianz Schweiz die Bevölkerung und die Politik an die Notwendigkeit des raschen Handelns beim Klimaschutz erinnern (in tutta la Svizzera, Indipendente), Attore/trice: Klima-Allianz Schweiz, Genf";Indipendente;in tutta la Svizzera;Gruppo di candidati (non é possibile inserire i dettagli di ogni candidato);1;22.10.2023 Elezioni del Consiglio nazionale 2023
it;14;Candidati sostenuti: 12 (per l’elenco dei nomi, vedere la comunicazione delle entrate sottostante), Attore/trice: Kantonaler Gewerbeverband St. Gallen, St. Gallen;Alleanza del Centro;San Gallo;Gruppo di candidati (per l’elenco dei nomi, vedere la comunicazione delle entrate sottostante);1;22.10.2023 Elezioni del Consiglio nazionale 2023
it;140;Ursprung Jasmin (Lucerna, Unione democratica di Centro), Attore/trice: Schweizerische Volkspartei Ortspartei Udligenswil, Udligenswil;Unione democratica di Centro;Lucerna;Persona singola;1;22.10.2023 Elezioni del Consiglio nazionale 2023
it;141;Candidati sostenuti: 5 (per l’elenco dei nomi, vedere la comunicazione delle entrate sottostante), Attore/trice: Schweizerische Volkspartei des Bezirkes Winterthur, Hünikon (Neftenbach);Unione democratica di Centro;Zurigo;Gruppo di candidati (per l’elenco dei nomi, vedere la comunicazione delle entrate sottostante);1;22.10.2023 Elezioni del Consiglio nazionale 2023
it;142;Freiermuth Sabina (Argovia, PLR.I Liberali Radicali), Attore/trice: Freiermuth Sabine, Zofingen;PLR.I Liberali Radicali;Argovia;Persona singola;1;22.10.2023 Elezioni del Consiglio nazionale 2023
it;143;Candidati sostenuti: 28 (per l’elenco dei nomi, vedere la comunicazione delle entrate sottostante), Attore/trice: Grünliberale Partei Basel-Stadt, Riehen;Partito Verde liberale;Basilea-Città;Gruppo di candidati (per l’elenco dei nomi, vedere la comunicazione delle entrate sottostante);1;22.10.2023 Elezioni del Consiglio nazionale 2023
it;144;Candidati sostenuti: 17 (per l’elenco dei nomi, vedere la comunicazione delle entrate sottostante), Attore/trice: Schweizerische Volkspartei Oberwallis, Brig;Unione democratica di Centro;Vallese;Gruppo di candidati (per l’elenco dei nomi, vedere la comunicazione delle entrate sottostante);1;22.10.2023 Elezioni del Consiglio nazionale 2023
it;145;Candidati sostenuti: 37 (per l’elenco dei nomi, vedere la comunicazione delle entrate sottostante), Attore/trice: Sozialdemokratische Partei des Kantons Zürich, Zürich;Partito socialista svizzero;Zurigo;Gruppo di candidati (per l’elenco dei nomi, vedere la comunicazione delle entrate sottostante);1;22.10.2023 Elezioni del Consiglio nazionale 2023
it;146;Candidati sostenuti: 43 (per l’elenco dei nomi, vedere la comunicazione delle entrate sottostante), Attore/trice: Parti vert'libéral genevois, Genève;Partito Verde liberale;Ginevra;Gruppo di candidati (per l’elenco dei nomi, vedere la comunicazione delle entrate sottostante);1;22.10.2023 Elezioni del Consiglio nazionale 2023
it;147;Candidati sostenuti: 6 (per l’elenco dei nomi, vedere la comunicazione delle entrate sottostante), Attore/trice: Le Centre Valais romand, Sion;Alleanza del Centro;Vallese;Gruppo di candidati (per l’elenco dei nomi, vedere la comunicazione delle entrate sottostante);1;22.10.2023 Elezioni del Consiglio nazionale 2023
it;149;Matter Michel (Ginevra, Partito Verde liberale), Attore/trice: Parti vert'libéral genevois, Genève;Partito Verde liberale;Ginevra;Persona singola;1;22.10.2023 Elezioni del Consiglio nazionale 2023
it;150;Candidati sostenuti: 12 (per l’elenco dei nomi, vedere la comunicazione delle entrate sottostante), Attore/trice: Parti socialiste genevois, Genève;Partito socialista svizzero;Ginevra;Gruppo di candidati (per l’elenco dei nomi, vedere la comunicazione delle entrate sottostante);1;22.10.2023 Elezioni del Consiglio nazionale 2023
it;151;Nussbaumer Jill (Zugo, PLR.I Liberali Radicali), Attore/trice: Jill Nussbaumer in den Nationalrat, Zug;PLR.I Liberali Radicali;Zugo;Persona singola;1;22.10.2023 Elezioni del Consiglio nazionale 2023
it;152;Candidati sostenuti: 38 (per l’elenco dei nomi, vedere la comunicazione delle entrate sottostante), Attore/trice: Union démocratique du centre du Canton de Vaud, Lausanne;Unione democratica di Centro;Vaud;Gruppo di candidati (per l’elenco dei nomi, vedere la comunicazione delle entrate sottostante);1;22.10.2023 Elezioni del Consiglio nazionale 2023
it;153;Wahlen 2023 - Umweltrating, Information und Mobilisierung (keine finanzielle Unterstützung von Parteien oder Kandidierenden) (in tutta la Svizzera, Indipendente), Attore/trice: WWF Svizzera, Zurigo;Indipendente;in tutta la Svizzera;Gruppo di candidati (non é possibile inserire i dettagli di ogni candidato);1;22.10.2023 Elezioni del Consiglio nazionale 2023
it;155;Gartmann Walter (San Gallo, Unione democratica di Centro), Attore/trice: Gartmann Walter, Mädris - Mels;Unione democratica di Centro;San Gallo;Persona singola;1;22.10.2023 Elezioni del Consiglio nazionale 2023
it;156;Kandidierende Junge Grüne Schweiz (in tutta la Svizzera, VERDI Svizzeri), Attore/trice: Giovani Verdi Svizzera, Berna;VERDI Svizzeri;in tutta la Svizzera;Gruppo di candidati (non é possibile inserire i dettagli di ogni candidato);1;22.10.2023 Elezioni del Consiglio nazionale 2023
it;157;Candidati sostenuti: 36 (per l’elenco dei nomi, vedere la comunicazione delle entrate sottostante), Attore/trice: Parti vert'libéral vaudois, Pully;Partito Verde liberale;Vaud;Gruppo di candidati (per l’elenco dei nomi, vedere la comunicazione delle entrate sottostante);1;22.10.2023 Elezioni del Consiglio nazionale 2023
it;158;EVP Schweiz (in tutta la Svizzera, Partito evangelico svizzero), Attore/trice: Evangelische Volkspartei der Schweiz, Bern;Partito evangelico svizzero;in tutta la Svizzera;Gruppo di candidati (non é possibile inserire i dettagli di ogni candidato);1;22.10.2023 Elezioni del Consiglio nazionale 2023
it;161;Jon Pult, Franziska Preisig, Renate Rutishauser, Michal Hohl, Tobias Rettich (Grigioni, Partito socialista svizzero), Attore/trice: Sozialdemokratische Partei des Kantons Graubünden, Chur;Partito socialista svizzero;Grigioni;Gruppo di candidati (non é possibile inserire i dettagli di ogni candidato);1;22.10.2023 Elezioni del Consiglio nazionale 2023
it;162;Trummer Andrea (Glarona, Alleanza del Centro), Attore/trice: Trummer Andrea, Glarus;Alleanza del Centro;Glarona;Persona singola;1;22.10.2023 Elezioni del Consiglio nazionale 2023
it;163;Candidati sostenuti: 6 (per l’elenco dei nomi, vedere la comunicazione delle entrate sottostante), Attore/trice: Grünliberale Kanton Thurgau, Frauenfeld;Partito Verde liberale;Turgovia;Gruppo di candidati (per l’elenco dei nomi, vedere la comunicazione delle entrate sottostante);1;22.10.2023 Elezioni del Consiglio nazionale 2023
it;164;Schläpfer Therese (Zurigo, Unione democratica di Centro), Attore/trice: Schläpfer Therese, Hagenbuch;Unione democratica di Centro;Zurigo;Persona singola;1;22.10.2023 Elezioni del Consiglio nazionale 2023
it;165;Hässig Patrick (Zurigo, Partito Verde liberale), Attore/trice: Hässig Patrick, Zürich;Partito Verde liberale;Zurigo;Persona singola;1;22.10.2023 Elezioni del Consiglio nazionale 2023
it;166;Wahlkampfunterstützung für einen zukunftsfähigen Finanzplatz (FDP, SVP, die Mitte, Glp) (in tutta la Svizzera, Altri partiti politici), Attore/trice: Associazione Svizzera dei Banchieri (SwissBanking), Basilea;Altri partiti politici;in tutta la Svizzera;Gruppo di candidati (non é possibile inserire i dettagli di ogni candidato);1;22.10.2023 Elezioni del Consiglio nazionale 2023
it;167;Candidati sostenuti: 24 (per l’elenco dei nomi, vedere la comunicazione delle entrate sottostante), Attore/trice: FDP.Die Liberalen Kanton Bern, Bern;PLR.I Liberali Radicali;Berna;Gruppo di candidati (per l’elenco dei nomi, vedere la comunicazione delle entrate sottostante);1;22.10.2023 Elezioni del Consiglio nazionale 2023
it;169;Candidati sostenuti: 28 (per l’elenco dei nomi, vedere la comunicazione delle entrate sottostante), Attore/trice: Sozialdemokratische Partei des Kantons Schwyz, Pfäffikon;Altri partiti politici;Svitto;Gruppo di candidati (per l’elenco dei nomi, vedere la comunicazione delle entrate sottostante);1;22.10.2023 Elezioni del Consiglio nazionale 2023
it;17;Silberschmidt Andri (Zurigo, PLR.I Liberali Radicali), Attore/trice: Silberschmidt Andri, Zürich;PLR.I Liberali Radicali;Zurigo;Persona singola;1;22.10.2023 Elezioni del Consiglio nazionale 2023
it;170;Candidati sostenuti: 7 (per l’elenco dei nomi, vedere la comunicazione delle entrate sottostante), Attore/trice: Grüne Baselland, Liestal;VERDI Svizzeri;Basilea-Campagna;Gruppo di candidati (per l’elenco dei nomi, vedere la comunicazione delle entrate sottostante);1;22.10.2023 Elezioni del Consiglio nazionale 2023
it;171;Candidati sostenuti: 8 (per l’elenco dei nomi, vedere la comunicazione delle entrate sottostante), Attore/trice: PLR.Les Libéraux-Radicaux du canton de Fribourg, Fribourg;PLR.I Liberali Radicali;Friburgo;Gruppo di candidati (per l’elenco dei nomi, vedere la comunicazione delle entrate sottostante);1;22.10.2023 Elezioni del Consiglio nazionale 2023
it;172;Wahlen 2023 - Umweltrating, Information und Mobilisierung (keine finanzielle Unterstützung von Parteien oder Kandidierenden) (in tutta la Svizzera, Indipendente), Attore/trice: Umweltallianz, Zürich;Indipendente;in tutta la Svizzera;Gruppo di candidati (non é possibile inserire i dettagli di ogni candidato);1;22.10.2023 Elezioni del Consiglio nazionale 2023
it;173;Candidati sostenuti: 12 (per l’elenco dei nomi, vedere la comunicazione delle entrate sottostante), Attore/trice: GRÜNE Kanton St. Gallen, St. Gallen;VERDI Svizzeri;San Gallo;Gruppo di candidati (per l’elenco dei nomi, vedere la comunicazione delle entrate sottostante);1;22.10.2023 Elezioni del Consiglio nazionale 2023
it;174;Aeschi Thomas (Zugo, Unione democratica di Centro), Attore/trice: Unterstützungskomitee für Thomas Aeschi, Baar;Unione democratica di Centro;Zugo;Persona singola;1;22.10.2023 Elezioni del Consiglio nazionale 2023
it;175;Rueff-Frenkel Sonja (Zurigo, PLR.I Liberali Radicali), Attore/trice: Rueff-Frenkel Sonja, Zürich;PLR.I Liberali Radicali;Zurigo;Persona singola;1;22.10.2023 Elezioni del Consiglio nazionale 2023
it;176;Nationalratswahlen 2023 (in tutta la Svizzera, Partito Verde liberale), Attore/trice: Grünliberale Partei Schweiz, Bern;Partito Verde liberale;in tutta la Svizzera;Gruppo di candidati (non é possibile inserire i dettagli di ogni candidato);1;22.10.2023 Elezioni del Consiglio nazionale 2023
it;177;Latif Nasrat (Vaud, PLR.I Liberali Radicali), Attore/trice: Association Nasrat Latif au Conseil national, Lausanne;PLR.I Liberali Radicali;Vaud;Persona singola;1;22.10.2023 Elezioni del Consiglio nazionale 2023
it;178;De Quattro Jacqueline (Vaud, PLR.I Liberali Radicali), Attore/trice: Comité EF 23 J. de Quattro, Lausanne;PLR.I Liberali Radicali;Vaud;Persona singola;1;22.10.2023 Elezioni del Consiglio nazionale 2023
it;179;Wahlplattform 2023 (Zurigo, Indipendente), Attore/trice: scienceindustries, Zürich;Indipendente;Zurigo;Gruppo di candidati (non é possibile inserire i dettagli di ogni candidato);1;22.10.2023 Elezioni del Consiglio nazionale 2023
it;18;Candidati sostenuti: 27 (per l’elenco dei nomi, vedere la comunicazione delle entrate sottostante), Attore/trice: Grüne Kanton Luzern, Luzern;VERDI Svizzeri;Lucerna;Gruppo di candidati (per l’elenco dei nomi, vedere la comunicazione delle entrate sottostante);1;22.10.2023 Elezioni del Consiglio nazionale 2023
it;180;Richner Simone (Berna, PLR.I Liberali Radicali), Attore/trice: Richner Simone, Bern;PLR.I Liberali Radicali;Berna;Persona singola;1;22.10.2023 Elezioni del Consiglio nazionale 2023
it;184;Candidati sostenuti: 24 (per l’elenco dei nomi, vedere la comunicazione delle entrate sottostante), Attore/trice: Jungsozialist*innen Kanton Bern, Bern;Partito socialista svizzero;Berna;Gruppo di candidati (per l’elenco dei nomi, vedere la comunicazione delle entrate sottostante);1;22.10.2023 Elezioni del Consiglio nazionale 2023
it;185;Candidati sostenuti: 9 (per l’elenco dei nomi, vedere la comunicazione delle entrate sottostante), Attore/trice: Grünes Bündnis, Basel;VERDI Svizzeri;Basilea-Città;Gruppo di candidati (per l’elenco dei nomi, vedere la comunicazione delle entrate sottostante);1;22.10.2023 Elezioni del Consiglio nazionale 2023
it;186;Candidati sostenuti: 4 (per l’elenco dei nomi, vedere la comunicazione delle entrate sottostante), Attore/trice: Grünes Bündnis, Basel;VERDI Svizzeri;Basilea-Città;Gruppo di candidati (per l’elenco dei nomi, vedere la comunicazione delle entrate sottostante);1;22.10.2023 Elezioni del Consiglio nazionale 2023
it;187;Candidati sostenuti: 7 (per l’elenco dei nomi, vedere la comunicazione delle entrate sottostante), Attore/trice: Les VERT-E-S Fribourg, Fribourg;VERDI Svizzeri;Friburgo;Gruppo di candidati (per l’elenco dei nomi, vedere la comunicazione delle entrate sottostante);1;22.10.2023 Elezioni del Consiglio nazionale 2023
it;188;Candidati sostenuti: 19 (per l’elenco dei nomi, vedere la comunicazione delle entrate sottostante), Attore/trice: Unione svizzera delle arti e mestieri, Berna;Alleanza del Centro;Argovia;Gruppo di candidati (per l’elenco dei nomi, vedere la comunicazione delle entrate sottostante);1;22.10.2023 Elezioni del Consiglio nazionale 2023
it;189;Gössi Petra (Svitto, PLR.I Liberali Radicali), Attore/trice: Gössi Petra, Küssnacht am Rigi;PLR.I Liberali Radicali;Svitto;Persona singola;1;22.10.2023 Elezioni del Consiglio nazionale 2023
it;19;Nationalratswahlen (in tutta la Svizzera, VERDI Svizzeri), Attore/trice: VERDI svizzeri, Berna;VERDI Svizzeri;in tutta la Svizzera;Gruppo di candidati (non é possibile inserire i dettagli di ogni candidato);1;22.10.2023 Elezioni del Consiglio nazionale 2023
it;190;Roth Pasquier Marie-France (Friburgo, Alleanza del Centro), Attore/trice: Roth Pasquier Marie-France, Bulle;Alleanza del Centro;Friburgo;Persona singola;1;22.10.2023 Elezioni del Consiglio nazionale 2023
it;191;Graber Michael (Vallese, Unione democratica di Centro), Attore/trice: Graber Michael, Brig;Unione democratica di Centro;Vallese;Persona singola;1;22.10.2023 Elezioni del Consiglio nazionale 2023
it;192;Candidati sostenuti: 36 (per l’elenco dei nomi, vedere la comunicazione delle entrate sottostante), Attore/trice: Le Centre Fribourg, Fribourg;Alleanza del Centro;Friburgo;Gruppo di candidati (per l’elenco dei nomi, vedere la comunicazione delle entrate sottostante);1;22.10.2023 Elezioni del Consiglio nazionale 2023
it;193;Arn Daniel (Berna, PLR.I Liberali Radicali), Attore/trice: Arn Daniel, Muri;PLR.I Liberali Radicali;Berna;Persona singola;1;22.10.2023 Elezioni del Consiglio nazionale 2023
it;194;Hess Sandra (Berna, PLR.I Liberali Radicali), Attore/trice: Hess-Oppliger Sandra, Nidau;PLR.I Liberali Radicali;Berna;Persona singola;1;22.10.2023 Elezioni del Consiglio nazionale 2023
it;195;Kaufmann Pius (Lucerna, Alleanza del Centro), Attore/trice: Kaufmann Pius, Escholzmatt-Marbach;Alleanza del Centro;Lucerna;Persona singola;1;22.10.2023 Elezioni del Consiglio nazionale 2023
it;196;Prelicz-Huber Katharina (Zurigo, VERDI Svizzeri), Attore/trice: Prelicz-Huber Katharina, Zürich;VERDI Svizzeri;Zurigo;Persona singola;1;22.10.2023 Elezioni del Consiglio nazionale 2023
it;197;Candidati sostenuti: 4 (per l’elenco dei nomi, vedere la comunicazione delle entrate sottostante), Attore/trice: Liberal-Demokratische Partei Basel-Stadt (LDP), Basel;PLR.I Liberali Radicali;Basilea-Città;Gruppo di candidati (per l’elenco dei nomi, vedere la comunicazione delle entrate sottostante);1;22.10.2023 Elezioni del Consiglio nazionale 2023
it;198;Brupbacher Stefan (Zurigo, PLR.I Liberali Radicali), Attore/trice: Brupbacher Trivigno Stefan, Zürich;PLR.I Liberali Radicali;Zurigo;Persona singola;1;22.10.2023 Elezioni del Consiglio nazionale 2023
it;199;Candidati sostenuti: 6 (per l’elenco dei nomi, vedere la comunicazione delle entrate sottostante), Attore/trice: Sozialdemokratische Partei des Kantons Thurgau, Frauenfeld;Partito socialista svizzero;Turgovia;Gruppo di candidati (per l’elenco dei nomi, vedere la comunicazione delle entrate sottostante);1;22.10.2023 Elezioni del Consiglio nazionale 2023
it;2;Paganini Nicolò (San Gallo, Alleanza del Centro), Attore/trice: Paganini Nicolò, Abtwil;Alleanza del Centro;San Gallo;Persona singola;1;22.10.2023 Elezioni del Consiglio nazionale 2023
it;20;Grüter Franz (Lucerna, Unione democratica di Centro), Attore/trice: Grüter Franz, Eich;Unione democratica di Centro;Lucerna;Persona singola;1;22.10.2023 Elezioni del Consiglio nazionale 2023
it;200;Farner Martin (Zurigo, PLR.I Liberali Radicali), Attore/trice: Farner Martin, Oberstammheim;PLR.I Liberali Radicali;Zurigo;Persona singola;1;22.10.2023 Elezioni del Consiglio nazionale 2023
it;201;Portmann Hans-Peter (Zurigo, PLR.I Liberali Radicali), Attore/trice: Portmann Hans-Peter, Rüschlikon;PLR.I Liberali Radicali;Zurigo;Persona singola;1;22.10.2023 Elezioni del Consiglio nazionale 2023
it;202;Burgherr Thomas (Argovia, Unione democratica di Centro), Attore/trice: Burgherr Thomas, Wiliberg;Unione democratica di Centro;Argovia;Persona singola;1;22.10.2023 Elezioni del Consiglio nazionale 2023
it;203;Roduit Benjamin (Vallese, Alleanza del Centro), Attore/trice: Roduit Benjamin, Saillon;Alleanza del Centro;Vallese;Persona singola;1;22.10.2023 Elezioni del Consiglio nazionale 2023
it;204;Broulis Pascal (Vaud, PLR.I Liberali Radicali), Attore/trice: Broulis Pascal, Sainte-Croix;PLR.I Liberali Radicali;Vaud;Persona singola;1;22.10.2023 Elezioni del Consiglio nazionale 2023
it;205;Candidati sostenuti: 31 (per l’elenco dei nomi, vedere la comunicazione delle entrate sottostante), Attore/trice: Le Centre du canton de Genève, Genève;Alleanza del Centro;Ginevra;Gruppo di candidati (per l’elenco dei nomi, vedere la comunicazione delle entrate sottostante);1;22.10.2023 Elezioni del Consiglio nazionale 2023
it;206;Candidati sostenuti: 2 (per l’elenco dei nomi, vedere la comunicazione delle entrate sottostante), Attore/trice: Alliance Vaudoise, Lausanne;PLR.I Liberali Radicali;Vaud;Gruppo di candidati (per l’elenco dei nomi, vedere la comunicazione delle entrate sottostante);1;22.10.2023 Elezioni del Consiglio nazionale 2023
it;207;Candidati sostenuti: 8 (per l’elenco dei nomi, vedere la comunicazione delle entrate sottostante), Attore/trice: FDP.Die Liberalen Baselland, Liestal;PLR.I Liberali Radicali;Basilea-Campagna;Gruppo di candidati (per l’elenco dei nomi, vedere la comunicazione delle entrate sottostante);1;22.10.2023 Elezioni del Consiglio nazionale 2023
it;208;Candidati sostenuti: 19 (per l’elenco dei nomi, vedere la comunicazione delle entrate sottostante), Attore/trice: Parti socialiste vaudois, Lausanne;Partito socialista svizzero;Vaud;Gruppo di candidati (per l’elenco dei nomi, vedere la comunicazione delle entrate sottostante);1;22.10.2023 Elezioni del Consiglio nazionale 2023
it;209;Candidati sostenuti: 24 (per l’elenco dei nomi, vedere la comunicazione delle entrate sottostante), Attore/trice: Schweizerische Volkspartei Kanton Bern, Bern;Unione democratica di Centro;Berna;Gruppo di candidati (per l’elenco dei nomi, vedere la comunicazione delle entrate sottostante);1;22.10.2023 Elezioni del Consiglio nazionale 2023
it;21;Farinelli Alex (Ticino, PLR.I Liberali Radicali), Attore/trice: Farinelli Alex, Comano;PLR.I Liberali Radicali;Ticino;Persona singola;1;22.10.2023 Elezioni del Consiglio nazionale 2023
it;210;Candidati sostenuti: 16 (per l’elenco dei nomi, vedere la comunicazione delle entrate sottostante), Attore/trice: Grünliberale Partei Kanton Aargau, Aarau;Partito Verde liberale;Argovia;Gruppo di candidati (per l’elenco dei nomi, vedere la comunicazione delle entrate sottostante);1;22.10.2023 Elezioni del Consiglio nazionale 2023
it;211;Candidati sostenuti: 23 (per l’elenco dei nomi, vedere la comunicazione delle entrate sottostante), Attore/trice: Union Démocratique du Centre, Genève, Les Acacias;Unione democratica di Centro;Ginevra;Gruppo di candidati (per l’elenco dei nomi, vedere la comunicazione delle entrate sottostante);1;22.10.2023 Elezioni del Consiglio nazionale 2023
it;212;Candidati sostenuti: 47 (per l’elenco dei nomi, vedere la comunicazione delle entrate sottostante), Attore/trice: Grüne Aargau, Aarau;VERDI Svizzeri;Argovia;Gruppo di candidati (per l’elenco dei nomi, vedere la comunicazione delle entrate sottostante);1;22.10.2023 Elezioni del Consiglio nazionale 2023
it;213;Morel Paolo (Ticino, PLR.I Liberali Radicali), Attore/trice: Morel Paolo, Breganzona;PLR.I Liberali Radicali;Ticino;Persona singola;1;22.10.2023 Elezioni del Consiglio nazionale 2023
it;214;Eidgenössische Wahlen 2023 (in tutta la Svizzera, Alleanza del Centro), Attore/trice: Alleanza del Centro, Bern;Alleanza del Centro;in tutta la Svizzera;Gruppo di candidati (non é possibile inserire i dettagli di ogni candidato);1;22.10.2023 Elezioni del Consiglio nazionale 2023
it;215;Vincenz-Stauffacher Susanne (San Gallo, PLR.I Liberali Radicali), Attore/trice: Vincenz-Stauffacher Susanne, Abtwil;PLR.I Liberali Radicali;San Gallo;Persona singola;1;22.10.2023 Elezioni del Consiglio nazionale 2023
it;217;FDP Frauen Schweiz Nationalratswahlen 2023 (in tutta la Svizzera, PLR.I Liberali Radicali), Attore/trice: FDP.Die Liberalen Frauen Schweiz, St. Gallen;PLR.I Liberali Radicali;in tutta la Svizzera;Gruppo di candidati (non é possibile inserire i dettagli di ogni candidato);1;22.10.2023 Elezioni del Consiglio nazionale 2023
it;219;Candidati sostenuti: 19 (per l’elenco dei nomi, vedere la comunicazione delle entrate sottostante), Attore/trice: Les Vert.e.s, mouvement écologiste vaudois, Lausanne;VERDI Svizzeri;Vaud;Gruppo di candidati (per l’elenco dei nomi, vedere la comunicazione delle entrate sottostante);1;22.10.2023 Elezioni del Consiglio nazionale 2023
it;22;Walti Beat (Zurigo, PLR.I Liberali Radicali), Attore/trice: Walti Beat, Zollikon;PLR.I Liberali Radicali;Zurigo;Persona singola;1;22.10.2023 Elezioni del Consiglio nazionale 2023
it;220;Züger Christoph (San Gallo, PLR.I Liberali Radicali), Attore/trice: Züger Christoph, Niederbüren;PLR.I Liberali Radicali;San Gallo;Persona singola;1;22.10.2023 Elezioni del Consiglio nazionale 2023
it;221;Ledergerber Domenik (Zurigo, Unione democratica di Centro), Attore/trice: Überparteiliches Unterstützungskomitee Domenik Ledergerber, Herrliberg;Unione democratica di Centro;Zurigo;Persona singola;1;22.10.2023 Elezioni del Consiglio nazionale 2023
it;223;Candidati sostenuti: 7 (per l’elenco dei nomi, vedere la comunicazione delle entrate sottostante), Attore/trice: FDP.Die Liberalen Zug, Zug;PLR.I Liberali Radicali;Zugo;Gruppo di candidati (per l’elenco dei nomi, vedere la comunicazione delle entrate sottostante);1;22.10.2023 Elezioni del Consiglio nazionale 2023
it;224;Forster Nicola (Zurigo, Partito Verde liberale), Attore/trice: Forster Nicola, Zürich;Partito Verde liberale;Zurigo;Persona singola;1;22.10.2023 Elezioni del Consiglio nazionale 2023
it;225;Candidati sostenuti: 14 (per l’elenco dei nomi, vedere la comunicazione delle entrate sottostante), Attore/trice: Parti vert'libéral du canton de Fribourg, Morens;Partito Verde liberale;Friburgo;Gruppo di candidati (per l’elenco dei nomi, vedere la comunicazione delle entrate sottostante);1;22.10.2023 Elezioni del Consiglio nazionale 2023
it;226;Candidati sostenuti: 24 (per l’elenco dei nomi, vedere la comunicazione delle entrate sottostante), Attore/trice: Die Mitte Kanton Bern, Bern;Alleanza del Centro;Berna;Gruppo di candidati (per l’elenco dei nomi, vedere la comunicazione delle entrate sottostante);1;22.10.2023 Elezioni del Consiglio nazionale 2023
it;227;Schenker Saskia (Basilea-Campagna, PLR.I Liberali Radicali), Attore/trice: Schenker Saskia, Itingen;PLR.I Liberali Radicali;Basilea-Campagna;Persona singola;1;22.10.2023 Elezioni del Consiglio nazionale 2023
it;228;Müller Matthias (Zurigo, PLR.I Liberali Radicali), Attore/trice: Müller Matthias, Zürich;PLR.I Liberali Radicali;Zurigo;Persona singola;1;22.10.2023 Elezioni del Consiglio nazionale 2023
it;229;Candidati sostenuti: 9 (per l’elenco dei nomi, vedere la comunicazione delle entrate sottostante), Attore/trice: Die Mitte Oberwallis, Brig;Alleanza del Centro;Vallese;Gruppo di candidati (per l’elenco dei nomi, vedere la comunicazione delle entrate sottostante);1;22.10.2023 Elezioni del Consiglio nazionale 2023
it;23;Avdili Përparim (Zurigo, PLR.I Liberali Radicali), Attore/trice: Avdili Përparim, Zürich;PLR.I Liberali Radicali;Zurigo;Persona singola;1;22.10.2023 Elezioni del Consiglio nazionale 2023
it;230;Candidati sostenuti: 4 (per l’elenco dei nomi, vedere la comunicazione delle entrate sottostante), Attore/trice: FDP.Die Liberalen Kanton Schwyz, Gersau;PLR.I Liberali Radicali;Svitto;Gruppo di candidati (per l’elenco dei nomi, vedere la comunicazione delle entrate sottostante);1;22.10.2023 Elezioni del Consiglio nazionale 2023
it;231;Kamerzin Sidney (Vallese, Alleanza del Centro), Attore/trice: Kamerzin Sidney, Sierre;Alleanza del Centro;Vallese;Persona singola;1;22.10.2023 Elezioni del Consiglio nazionale 2023
it;232;Candidati sostenuti: 8 (per l’elenco dei nomi, vedere la comunicazione delle entrate sottostante), Attore/trice: FDP.Die Liberalen Kanton Schaffhausen, Schaffhausen;PLR.I Liberali Radicali;Sciaffusa;Gruppo di candidati (per l’elenco dei nomi, vedere la comunicazione delle entrate sottostante);1;22.10.2023 Elezioni del Consiglio nazionale 2023
it;233;Candidati sostenuti: 17 (per l’elenco dei nomi, vedere la comunicazione delle entrate sottostante), Attore/trice: Hauseigentümerverband Region Winterthur, Winterthur;Alleanza del Centro;Zurigo;Gruppo di candidati (per l’elenco dei nomi, vedere la comunicazione delle entrate sottostante);1;22.10.2023 Elezioni del Consiglio nazionale 2023
it;234;viscardi giovanna (Ticino, PLR.I Liberali Radicali), Attore/trice: Viscardi Giovanna, Pregassona;PLR.I Liberali Radicali;Ticino;Persona singola;1;22.10.2023 Elezioni del Consiglio nazionale 2023
it;235;Mobilisierung für bäuerliche Kandidatinnen und Kandidaten (in tutta la Svizzera, Indipendente), Attore/trice: Unione Svizzera dei Contadini (USC), Brugg;Indipendente;in tutta la Svizzera;Gruppo di candidati (non é possibile inserire i dettagli di ogni candidato);1;22.10.2023 Elezioni del Consiglio nazionale 2023
it;236;Candidati sostenuti: 3 (per l’elenco dei nomi, vedere la comunicazione delle entrate sottostante), Attore/trice: Campagne commune Alexandre Berthoud, Thierry Amy, Carlos Bujard, Neyruz-sur-Moudon;PLR.I Liberali Radicali;Vaud;Gruppo di candidati (per l’elenco dei nomi, vedere la comunicazione delle entrate sottostante);1;22.10.2023 Elezioni del Consiglio nazionale 2023
it;237;Candidati sostenuti: 7 (per l’elenco dei nomi, vedere la comunicazione delle entrate sottostante), Attore/trice: Parti socialiste fribourgeois, Fribourg;Partito socialista svizzero;Friburgo;Gruppo di candidati (per l’elenco dei nomi, vedere la comunicazione delle entrate sottostante);1;22.10.2023 Elezioni del Consiglio nazionale 2023
it;238;Imark Christian (Soletta, Unione democratica di Centro), Attore/trice: Imark Christian, Fehren;Unione democratica di Centro;Soletta;Persona singola;1;22.10.2023 Elezioni del Consiglio nazionale 2023
it;239;Candidati sostenuti: 36 (per l’elenco dei nomi, vedere la comunicazione delle entrate sottostante), Attore/trice: Die Mitte Kanton Zürich, Zürich;Alleanza del Centro;Zurigo;Gruppo di candidati (per l’elenco dei nomi, vedere la comunicazione delle entrate sottostante);1;22.10.2023 Elezioni del Consiglio nazionale 2023
it;24;Nationale Wahlen 2023 JUSO Schweiz (in tutta la Svizzera, Partito socialista svizzero), Attore/trice: Gioventù Socialista Svizzera, Bern;Partito socialista svizzero;in tutta la Svizzera;Gruppo di candidati (non é possibile inserire i dettagli di ogni candidato);1;22.10.2023 Elezioni del Consiglio nazionale 2023
it;240;Candidati sostenuti: 36 (per l’elenco dei nomi, vedere la comunicazione delle entrate sottostante), Attore/trice: Arbeitsgemeinschaft Wirtschaft und Gesellschaft des Kantons Zürich (AWG), Zürich;Alleanza del Centro;Zurigo;Gruppo di candidati (per l’elenco dei nomi, vedere la comunicazione delle entrate sottostante);1;22.10.2023 Elezioni del Consiglio nazionale 2023
it;241;Tuena Mauro (Zurigo, Unione democratica di Centro), Attore/trice: Tuena Mauro, Zürich;Unione democratica di Centro;Zurigo;Persona singola;1;22.10.2023 Elezioni del Consiglio nazionale 2023
it;242;Candidati sostenuti: 24 (per l’elenco dei nomi, vedere la comunicazione delle entrate sottostante), Attore/trice: Schweizerische Volkspartei des Kantons Solothurn, Fehren;Unione democratica di Centro;Soletta;Gruppo di candidati (per l’elenco dei nomi, vedere la comunicazione delle entrate sottostante);1;22.10.2023 Elezioni del Consiglio nazionale 2023
it;243;Candidati sostenuti: 36 (per l’elenco dei nomi, vedere la comunicazione delle entrate sottostante), Attore/trice: Eidgenössisch-Demokratische Union (EDU) Kanton Zürich, Winterthur;Unione Democratica Federale;Zurigo;Gruppo di candidati (per l’elenco dei nomi, vedere la comunicazione delle entrate sottostante);1;22.10.2023 Elezioni del Consiglio nazionale 2023
it;244;Vietze Kristiane (Turgovia, PLR.I Liberali Radicali), Attore/trice: Kris nach Bern, Frauenfeld;PLR.I Liberali Radicali;Turgovia;Persona singola;1;22.10.2023 Elezioni del Consiglio nazionale 2023
it;245;Philipp Kutter (Zurigo, Alleanza del Centro), Attore/trice: Kutter Philipp, Wädenswil;Alleanza del Centro;Zurigo;Persona singola;1;22.10.2023 Elezioni del Consiglio nazionale 2023
it;246;Ender Josef (Svitto, Indipendente), Attore/trice: Ender Josef, Ibach;Indipendente;Svitto;Persona singola;1;22.10.2023 Elezioni del Consiglio nazionale 2023
it;247;Hess Erich (Berna, Unione democratica di Centro), Attore/trice: Hess Erich, Bern;Unione democratica di Centro;Berna;Persona singola;1;22.10.2023 Elezioni del Consiglio nazionale 2023
it;248;Candidati sostenuti: 36 (per l’elenco dei nomi, vedere la comunicazione delle entrate sottostante), Attore/trice: Evangelische Volkspartei (EVP) des Kantons Zürich, Zürich;Partito evangelico svizzero;Zurigo;Gruppo di candidati (per l’elenco dei nomi, vedere la comunicazione delle entrate sottostante);1;22.10.2023 Elezioni del Consiglio nazionale 2023
it;249;Denoth Marco (Zurigo, Partito socialista svizzero), Attore/trice: Denoth Marco, Zürich;Partito socialista svizzero;Zurigo;Persona singola;1;22.10.2023 Elezioni del Consiglio nazionale 2023
it;25;Rogenmoser Romaine (Zurigo, Unione democratica di Centro), Attore/trice: Rogenmoser Romaine, Bülach;Unione democratica di Centro;Zurigo;Persona singola;1;22.10.2023 Elezioni del Consiglio nazionale 2023
it;250;Maurizio Barro, Gianna Bonina, Serena Britos, Greta Gysin, Pietro Majno-Hurst, Marco Noi, Josef Savary-Borioli, Rocco Vitale (Ticino, VERDI Svizzeri), Attore/trice: Verdi del Cantone Ticino, Bellinzona;VERDI Svizzeri;Ticino;Gruppo di candidati (non é possibile inserire i dettagli di ogni candidato);1;22.10.2023 Elezioni del Consiglio nazionale 2023
it;251;"Daniel Ruch (Vaud, PLR.I Liberali Radicali), Attore/trice: Comité de soutien ""Daniel Ruch au Conseil national"", Trey";PLR.I Liberali Radicali;Vaud;Persona singola;1;22.10.2023 Elezioni del Consiglio nazionale 2023
it;252;Schilliger Peter (Lucerna, PLR.I Liberali Radicali), Attore/trice: Schilliger Peter, Udligenswil;PLR.I Liberali Radicali;Lucerna;Persona singola;1;22.10.2023 Elezioni del Consiglio nazionale 2023
it;253;Candidati sostenuti: 2 (per l’elenco dei nomi, vedere la comunicazione delle entrate sottostante), Attore/trice: Sozialdemokratische Partei des Kantons Schaffhausen, Schaffhausen;Partito socialista svizzero;Sciaffusa;Gruppo di candidati (per l’elenco dei nomi, vedere la comunicazione delle entrate sottostante);1;22.10.2023 Elezioni del Consiglio nazionale 2023
it;254;Candidati sostenuti: 24 (per l’elenco dei nomi, vedere la comunicazione delle entrate sottostante), Attore/trice: Sozialdemokratische Partei des Kantons St. Gallen, St. Gallen;Partito socialista svizzero;San Gallo;Gruppo di candidati (per l’elenco dei nomi, vedere la comunicazione delle entrate sottostante);1;22.10.2023 Elezioni del Consiglio nazionale 2023
it;255;Candidati sostenuti: 10 (per l’elenco dei nomi, vedere la comunicazione delle entrate sottostante), Attore/trice: Alleanza del Centro Grigioni, Coira;Alleanza del Centro;Grigioni;Gruppo di candidati (per l’elenco dei nomi, vedere la comunicazione delle entrate sottostante);1;22.10.2023 Elezioni del Consiglio nazionale 2023
it;257;Candidati sostenuti: 3 (per l’elenco dei nomi, vedere la comunicazione delle entrate sottostante), Attore/trice: EG Ankli, Bartholdi & Thalmann, Breitenbach;PLR.I Liberali Radicali;Soletta;Gruppo di candidati (per l’elenco dei nomi, vedere la comunicazione delle entrate sottostante);1;22.10.2023 Elezioni del Consiglio nazionale 2023
it;258;Müller Leo (Lucerna, Alleanza del Centro), Attore/trice: Müller Leo, Ruswil;Alleanza del Centro;Lucerna;Persona singola;1;22.10.2023 Elezioni del Consiglio nazionale 2023
it;259;Candidati sostenuti: 18 (per l’elenco dei nomi, vedere la comunicazione delle entrate sottostante), Attore/trice: Grüne Kanton Solothurn, Solothurn;VERDI Svizzeri;Soletta;Gruppo di candidati (per l’elenco dei nomi, vedere la comunicazione delle entrate sottostante);1;22.10.2023 Elezioni del Consiglio nazionale 2023
it;26;Candidati sostenuti: 16 (per l’elenco dei nomi, vedere la comunicazione delle entrate sottostante), Attore/trice: Die Mitte Aargau, Aarau;Alleanza del Centro;Argovia;Gruppo di candidati (per l’elenco dei nomi, vedere la comunicazione delle entrate sottostante);1;22.10.2023 Elezioni del Consiglio nazionale 2023
it;260;Candidati sostenuti: 36 (per l’elenco dei nomi, vedere la comunicazione delle entrate sottostante), Attore/trice: AL - Alternative Liste, Zürich;Altri partiti politici;Zurigo;Gruppo di candidati (per l’elenco dei nomi, vedere la comunicazione delle entrate sottostante);1;22.10.2023 Elezioni del Consiglio nazionale 2023
it;261;Bourgeois Yasmine  (Zurigo, PLR.I Liberali Radicali), Attore/trice: Bourgeois Yasmine, Zürich;PLR.I Liberali Radicali;Zurigo;Persona singola;1;22.10.2023 Elezioni del Consiglio nazionale 2023
it;262;Candidati sostenuti: 2 (per l’elenco dei nomi, vedere la comunicazione delle entrate sottostante), Attore/trice: PLR.Les Libéraux-Radicaux de ROMANEL/JOUXTENS-MEZERY/CHESEAUX, Romanel;PLR.I Liberali Radicali;Vaud;Gruppo di candidati (per l’elenco dei nomi, vedere la comunicazione delle entrate sottostante);1;22.10.2023 Elezioni del Consiglio nazionale 2023
it;263;Candidati sostenuti: 36 (per l’elenco dei nomi, vedere la comunicazione delle entrate sottostante), Attore/trice: Grüne Kanton Zürich, Zürich;VERDI Svizzeri;Zurigo;Gruppo di candidati (per l’elenco dei nomi, vedere la comunicazione delle entrate sottostante);1;22.10.2023 Elezioni del Consiglio nazionale 2023
it;264;Candidati sostenuti: 2 (per l’elenco dei nomi, vedere la comunicazione delle entrate sottostante), Attore/trice: Schweizerische Volkspartei des Kantons Schaffhausen, Schaffhausen;Unione democratica di Centro;Sciaffusa;Gruppo di candidati (per l’elenco dei nomi, vedere la comunicazione delle entrate sottostante);1;22.10.2023 Elezioni del Consiglio nazionale 2023
it;265;Candidati sostenuti: 7 (per l’elenco dei nomi, vedere la comunicazione delle entrate sottostante), Attore/trice: Die Mitte Thurgau, Stettfurt;Alleanza del Centro;Turgovia;Gruppo di candidati (per l’elenco dei nomi, vedere la comunicazione delle entrate sottostante);1;22.10.2023 Elezioni del Consiglio nazionale 2023
it;266;Glättli Balthasar (Zurigo, VERDI Svizzeri), Attore/trice: Glättli Balthasar, Zürich;VERDI Svizzeri;Zurigo;Persona singola;1;22.10.2023 Elezioni del Consiglio nazionale 2023
it;267;Candidati sostenuti: 6 (per l’elenco dei nomi, vedere la comunicazione delle entrate sottostante), Attore/trice: FDP.Die Liberalen Thurgau, Güttingen;PLR.I Liberali Radicali;Turgovia;Gruppo di candidati (per l’elenco dei nomi, vedere la comunicazione delle entrate sottostante);1;22.10.2023 Elezioni del Consiglio nazionale 2023
it;268;Candidati sostenuti: 24 (per l’elenco dei nomi, vedere la comunicazione delle entrate sottostante), Attore/trice: Mouvement Citoyens Genevois, Genève;Altri partiti politici;Ginevra;Gruppo di candidati (per l’elenco dei nomi, vedere la comunicazione delle entrate sottostante);1;22.10.2023 Elezioni del Consiglio nazionale 2023
it;27;Thalmann-Bieri Vroni (Lucerna, Unione democratica di Centro), Attore/trice: Thalmann-Bieri Vroni, Flühli;Unione democratica di Centro;Lucerna;Persona singola;1;22.10.2023 Elezioni del Consiglio nazionale 2023
it;270;Candidati sostenuti: 7 (per l’elenco dei nomi, vedere la comunicazione delle entrate sottostante), Attore/trice: Union Démocratique du Centre du canton de Fribourg, Semsales;Unione democratica di Centro;Friburgo;Gruppo di candidati (per l’elenco dei nomi, vedere la comunicazione delle entrate sottostante);1;22.10.2023 Elezioni del Consiglio nazionale 2023
it;272;Scognamiglio Flavio (Zurigo, Partito evangelico svizzero), Attore/trice: Scognamiglio Donato, Teufen ZH;Partito evangelico svizzero;Zurigo;Persona singola;1;22.10.2023 Elezioni del Consiglio nazionale 2023
it;273;Candidati sostenuti: 8 (per l’elenco dei nomi, vedere la comunicazione delle entrate sottostante), Attore/trice: Union Démocratique du Centre Neuchâtel, Noiraigue;Unione democratica di Centro;Neuchâtel;Gruppo di candidati (per l’elenco dei nomi, vedere la comunicazione delle entrate sottostante);1;22.10.2023 Elezioni del Consiglio nazionale 2023
it;274;Candidati sostenuti: 24 (per l’elenco dei nomi, vedere la comunicazione delle entrate sottostante), Attore/trice: Grünliberale Partei des Kantons Bern, Bern;Partito Verde liberale;Berna;Gruppo di candidati (per l’elenco dei nomi, vedere la comunicazione delle entrate sottostante);1;22.10.2023 Elezioni del Consiglio nazionale 2023
it;275;Candidati sostenuti: 7 (per l’elenco dei nomi, vedere la comunicazione delle entrate sottostante), Attore/trice: PLR.Les Libéraux-Radicaux Valais, Sion;PLR.I Liberali Radicali;Vallese;Gruppo di candidati (per l’elenco dei nomi, vedere la comunicazione delle entrate sottostante);1;22.10.2023 Elezioni del Consiglio nazionale 2023
it;276;SCHNEIDERSCHNEITER Elisabeth (Basilea-Campagna, Alleanza del Centro), Attore/trice: Schneider-Schneiter Elisabeth, Biel-Benken;Alleanza del Centro;Basilea-Campagna;Persona singola;1;22.10.2023 Elezioni del Consiglio nazionale 2023
it;277;SCHNEIDERSCHNEITER Elisabeth (Basilea-Campagna, Alleanza del Centro), Attore/trice: Schneider-Schneiter Elisabeth, Biel-Benken;Alleanza del Centro;Basilea-Campagna;Persona singola;1;22.10.2023 Elezioni del Consiglio nazionale 2023
it;278;Nationalratswahlen 2023 (in tutta la Svizzera, PLR.I Liberali Radicali), Attore/trice: Giovani Liberali Radicali Svizzeri, Berna;PLR.I Liberali Radicali;in tutta la Svizzera;Gruppo di candidati (non é possibile inserire i dettagli di ogni candidato);1;22.10.2023 Elezioni del Consiglio nazionale 2023
it;279;Weber Céline (Vaud, Partito Verde liberale), Attore/trice: Weber Koppenburg Céline, La Rippe;Partito Verde liberale;Vaud;Persona singola;1;22.10.2023 Elezioni del Consiglio nazionale 2023
it;28;Brodard Claude (Friburgo, PLR.I Liberali Radicali), Attore/trice: Brodard Claude, Le Mouret;PLR.I Liberali Radicali;Friburgo;Persona singola;1;22.10.2023 Elezioni del Consiglio nazionale 2023
it;280;Carrel Thierry (Lucerna, PLR.I Liberali Radicali), Attore/trice: Carrel-Dahinden Thierry, Vitznau;PLR.I Liberali Radicali;Lucerna;Persona singola;1;22.10.2023 Elezioni del Consiglio nazionale 2023
it;281;Bachmann-Roth Christina (Argovia, Alleanza del Centro), Attore/trice: Bachmann-Roth Christina, Lenzburg;Alleanza del Centro;Argovia;Persona singola;1;22.10.2023 Elezioni del Consiglio nazionale 2023
it;282;Wandfluh Ernst (Berna, Unione democratica di Centro), Attore/trice: Wandfluh Ernst-Peter, Kandergrund;Unione democratica di Centro;Berna;Persona singola;1;22.10.2023 Elezioni del Consiglio nazionale 2023
it;284;Spielmann Markus (Soletta, PLR.I Liberali Radicali), Attore/trice: Spielmann Markus, Starrkirch-Wil;PLR.I Liberali Radicali;Soletta;Persona singola;1;22.10.2023 Elezioni del Consiglio nazionale 2023
it;285;Theiler Jacqueline (Lucerna, PLR.I Liberali Radicali), Attore/trice: Theiler Jacqueline, Luzern;PLR.I Liberali Radicali;Lucerna;Persona singola;1;22.10.2023 Elezioni del Consiglio nazionale 2023
it;287;Candidati sostenuti: 5 (per l’elenco dei nomi, vedere la comunicazione delle entrate sottostante), Attore/trice: Die Mitte Schwyz, Schwyz;Alleanza del Centro;Svitto;Gruppo di candidati (per l’elenco dei nomi, vedere la comunicazione delle entrate sottostante);1;22.10.2023 Elezioni del Consiglio nazionale 2023
it;29;Candidati sostenuti: 12 (per l’elenco dei nomi, vedere la comunicazione delle entrate sottostante), Attore/trice: Sozialdemokratische Partei des Kantons Solothurn, Solothurn;Partito socialista svizzero;Soletta;Gruppo di candidati (per l’elenco dei nomi, vedere la comunicazione delle entrate sottostante);1;22.10.2023 Elezioni del Consiglio nazionale 2023
it;290;Candidati sostenuti: 12 (per l’elenco dei nomi, vedere la comunicazione delle entrate sottostante), Attore/trice: Grünliberale Partei Kanton Schwyz, Schwyz;Partito Verde liberale;Svitto;Gruppo di candidati (per l’elenco dei nomi, vedere la comunicazione delle entrate sottostante);1;22.10.2023 Elezioni del Consiglio nazionale 2023
it;292;"Mayer Paul (Zurigo, Unione democratica di Centro), Attore/trice: Überparteiliches Komitee ""KR Paul Mayer in den Nationalrat"", Marthalen";Unione democratica di Centro;Zurigo;Persona singola;1;22.10.2023 Elezioni del Consiglio nazionale 2023
it;293;Rüegsegger Hans Jörg (Berna, Unione democratica di Centro), Attore/trice: Rüegsegger Hans Jörg, Riggisberg;Unione democratica di Centro;Berna;Persona singola;1;22.10.2023 Elezioni del Consiglio nazionale 2023
it;294;Meier Thomas (Lucerna, PLR.I Liberali Radicali), Attore/trice: Meier Thomas, Schenkon;PLR.I Liberali Radicali;Lucerna;Persona singola;1;22.10.2023 Elezioni del Consiglio nazionale 2023
it;295;Bigler Hans-Ulrich (Zurigo, Unione democratica di Centro), Attore/trice: Bigler Hans-Ulrich, Affoltern am Albis;Unione democratica di Centro;Zurigo;Persona singola;1;22.10.2023 Elezioni del Consiglio nazionale 2023
it;297;Bösiger Beat (Berna, Unione democratica di Centro), Attore/trice: NR-Kandidat Beat Bösiger, Niederbipp;Unione democratica di Centro;Berna;Persona singola;1;22.10.2023 Elezioni del Consiglio nazionale 2023
it;298;Mettler Melanie (Berna, Partito Verde liberale), Attore/trice: Mettler Melanie, Bern;Partito Verde liberale;Berna;Persona singola;1;22.10.2023 Elezioni del Consiglio nazionale 2023
it;299;Candidati sostenuti: 24 (per l’elenco dei nomi, vedere la comunicazione delle entrate sottostante), Attore/trice: Eidgenössisch-Demokratische Union des Kantons Bern, Münsingen;Unione Democratica Federale;Berna;Gruppo di candidati (per l’elenco dei nomi, vedere la comunicazione delle entrate sottostante);1;22.10.2023 Elezioni del Consiglio nazionale 2023
it;3;Candidati sostenuti: 15 (per l’elenco dei nomi, vedere la comunicazione delle entrate sottostante), Attore/trice: Thurgauer Gewerbeverband, Weinfelden;Alleanza del Centro;Turgovia;Gruppo di candidati (per l’elenco dei nomi, vedere la comunicazione delle entrate sottostante);1;22.10.2023 Elezioni del Consiglio nazionale 2023
it;30;Roth Franziska (SR-Kampagne) (Soletta, Partito socialista svizzero), Attore/trice: Sozialdemokratische Partei des Kantons Solothurn, Solothurn;Partito socialista svizzero;Soletta;Persona singola;1;22.10.2023 Elezioni del Consiglio nazionale 2023
it;300;Candidati sostenuti: 4 (per l’elenco dei nomi, vedere la comunicazione delle entrate sottostante), Attore/trice: Parti socialiste jurassien, Delémont;Partito socialista svizzero;Giura;Gruppo di candidati (per l’elenco dei nomi, vedere la comunicazione delle entrate sottostante);1;22.10.2023 Elezioni del Consiglio nazionale 2023
it;302;Candidati sostenuti: 48 (per l’elenco dei nomi, vedere la comunicazione delle entrate sottostante), Attore/trice: HEV Kanton Zürich, Zürich;Alleanza del Centro;Zurigo;Gruppo di candidati (per l’elenco dei nomi, vedere la comunicazione delle entrate sottostante);1;22.10.2023 Elezioni del Consiglio nazionale 2023
it;303;Dätwyler Martin (Basilea-Campagna, PLR.I Liberali Radicali), Attore/trice: Dätwyler Martin, Laufen;PLR.I Liberali Radicali;Basilea-Campagna;Persona singola;1;22.10.2023 Elezioni del Consiglio nazionale 2023
it;304;Nationalratswahlen MASS-VOLL! (in tutta la Svizzera, Altri partiti politici), Attore/trice: MASS-VOLL!, Zürich;Altri partiti politici;in tutta la Svizzera;Gruppo di candidati (non é possibile inserire i dettagli di ogni candidato);1;22.10.2023 Elezioni del Consiglio nazionale 2023
it;305;Candidati sostenuti: 18 (per l’elenco dei nomi, vedere la comunicazione delle entrate sottostante), Attore/trice: Piratenpartei Zürich, Zürich;Altri partiti politici;Argovia;Gruppo di candidati (per l’elenco dei nomi, vedere la comunicazione delle entrate sottostante);1;22.10.2023 Elezioni del Consiglio nazionale 2023
it;306;Candidati sostenuti: 17 (per l’elenco dei nomi, vedere la comunicazione delle entrate sottostante), Attore/trice: neo - Die sozialliberale Mitte, Glis;Alleanza del Centro;Vallese;Gruppo di candidati (per l’elenco dei nomi, vedere la comunicazione delle entrate sottostante);1;22.10.2023 Elezioni del Consiglio nazionale 2023
it;307;Michel Simon (Soletta, PLR.I Liberali Radicali), Attore/trice: Michel Simon, Solothurn;PLR.I Liberali Radicali;Soletta;Persona singola;1;22.10.2023 Elezioni del Consiglio nazionale 2023
it;308;Candidati sostenuti: 24 (per l’elenco dei nomi, vedere la comunicazione delle entrate sottostante), Attore/trice: auto-schweiz VEREINIGUNG SCHWEIZER AUTOMOBIL-IMPORTEURE, Bern;Partito Verde liberale;Argovia;Gruppo di candidati (per l’elenco dei nomi, vedere la comunicazione delle entrate sottostante);1;22.10.2023 Elezioni del Consiglio nazionale 2023
it;310;Riem Katja (Berna, Unione democratica di Centro), Attore/trice: Riem Katja, Kiesen;Unione democratica di Centro;Berna;Persona singola;1;22.10.2023 Elezioni del Consiglio nazionale 2023
it;311;Candidati sostenuti: 3 (per l’elenco dei nomi, vedere la comunicazione delle entrate sottostante), Attore/trice: Nause Reto, Bern;Alleanza del Centro;Berna;Gruppo di candidati (per l’elenco dei nomi, vedere la comunicazione delle entrate sottostante);1;22.10.2023 Elezioni del Consiglio nazionale 2023
it;312;Nationalratswahlen 2023 (in tutta la Svizzera, Unione Democratica Federale), Attore/trice: Unione Democratica Federale Svizzera (UDF Svizzera), Thun;Unione Democratica Federale;in tutta la Svizzera;Gruppo di candidati (non é possibile inserire i dettagli di ogni candidato);1;22.10.2023 Elezioni del Consiglio nazionale 2023
it;313;Candidati sostenuti: 7 (per l’elenco dei nomi, vedere la comunicazione delle entrate sottostante), Attore/trice: Hauseigentümer-Verband Kanton St. Gallen, St. Gallen;Alleanza del Centro;San Gallo;Gruppo di candidati (per l’elenco dei nomi, vedere la comunicazione delle entrate sottostante);1;22.10.2023 Elezioni del Consiglio nazionale 2023
it;315;Piratenpartei Schweiz Dachkampagne (in tutta la Svizzera, Altri partiti politici), Attore/trice: Partito Pirata Svizzero, Berna;Altri partiti politici;in tutta la Svizzera;Gruppo di candidati (non é possibile inserire i dettagli di ogni candidato);1;22.10.2023 Elezioni del Consiglio nazionale 2023
it;316;Candidati sostenuti: 16 (per l’elenco dei nomi, vedere la comunicazione delle entrate sottostante), Attore/trice: Piratenpartei Bern, Bern;Altri partiti politici;Berna;Gruppo di candidati (per l’elenco dei nomi, vedere la comunicazione delle entrate sottostante);1;22.10.2023 Elezioni del Consiglio nazionale 2023
it;318;Candidati sostenuti: 17 (per l’elenco dei nomi, vedere la comunicazione delle entrate sottostante), Attore/trice: Gewerkschaftsbund des Kantons Bern, Bern;Partito socialista svizzero;Berna;Gruppo di candidati (per l’elenco dei nomi, vedere la comunicazione delle entrate sottostante);1;22.10.2023 Elezioni del Consiglio nazionale 2023
it;319;Nicolet Jacques (Vaud, Unione democratica di Centro), Attore/trice: Nicolet Jacques, Lignerolle;Unione democratica di Centro;Vaud;Persona singola;1;22.10.2023 Elezioni del Consiglio nazionale 2023
it;32;Candidati sostenuti: 24 (per l’elenco dei nomi, vedere la comunicazione delle entrate sottostante), Attore/trice: Evangelische Volkspartei Kanton Bern, Bern;Partito evangelico svizzero;Berna;Gruppo di candidati (per l’elenco dei nomi, vedere la comunicazione delle entrate sottostante);1;22.10.2023 Elezioni del Consiglio nazionale 2023
it;320;Candidati sostenuti: 8 (per l’elenco dei nomi, vedere la comunicazione delle entrate sottostante), Attore/trice: Union démocratique du Centre du Valais romand, Sion;Unione democratica di Centro;Vallese;Gruppo di candidati (per l’elenco dei nomi, vedere la comunicazione delle entrate sottostante);1;22.10.2023 Elezioni del Consiglio nazionale 2023
it;321;Wasserfallen Christian (Berna, PLR.I Liberali Radicali), Attore/trice: Wasserfallen Christian, Bern;PLR.I Liberali Radicali;Berna;Persona singola;1;22.10.2023 Elezioni del Consiglio nazionale 2023
it;322;Candidati sostenuti: 12 (per l’elenco dei nomi, vedere la comunicazione delle entrate sottostante), Attore/trice: Zürcher Bauernverband (ZBV), Dübendorf;Alleanza del Centro;Zurigo;Gruppo di candidati (per l’elenco dei nomi, vedere la comunicazione delle entrate sottostante);1;22.10.2023 Elezioni del Consiglio nazionale 2023
it;323;Fischer Rudolf (Berna, Unione democratica di Centro), Attore/trice: Fischer Rudolf, Bätterkinden;Unione democratica di Centro;Berna;Persona singola;1;22.10.2023 Elezioni del Consiglio nazionale 2023
it;324;Election au Conseil National 2023 (Neuchâtel, Partito Verde liberale), Attore/trice: Parti vert'libéral neuchâtelois, Neuchâtel;Partito Verde liberale;Neuchâtel;Gruppo di candidati (non é possibile inserire i dettagli di ogni candidato);1;22.10.2023 Elezioni del Consiglio nazionale 2023
it;325;Candidati sostenuti: 9 (per l’elenco dei nomi, vedere la comunicazione delle entrate sottostante), Attore/trice: Unione Democratica di Centro del Canton Ticino, Pregassona;Indipendente;Ticino;Gruppo di candidati (per l’elenco dei nomi, vedere la comunicazione delle entrate sottostante);1;22.10.2023 Elezioni del Consiglio nazionale 2023
it;326;Meier Andreas (Argovia, Alleanza del Centro), Attore/trice: Meier Andreas, Klingnau;Alleanza del Centro;Argovia;Persona singola;1;22.10.2023 Elezioni del Consiglio nazionale 2023
it;327;Candidati sostenuti: 2 (per l’elenco dei nomi, vedere la comunicazione delle entrate sottostante), Attore/trice: Hauseigentümerverband Zürich, Zürich;PLR.I Liberali Radicali;Zurigo;Gruppo di candidati (per l’elenco dei nomi, vedere la comunicazione delle entrate sottostante);1;22.10.2023 Elezioni del Consiglio nazionale 2023
it;328;Heimgartner Stefanie (Argovia, Unione democratica di Centro), Attore/trice: Heimgartner Stefanie, Baden;Unione democratica di Centro;Argovia;Persona singola;1;22.10.2023 Elezioni del Consiglio nazionale 2023
it;33;Candidati sostenuti: 8 (per l’elenco dei nomi, vedere la comunicazione delle entrate sottostante), Attore/trice: Les Vert-e-s Valais, Bramois (Sion);VERDI Svizzeri;Vallese;Gruppo di candidati (per l’elenco dei nomi, vedere la comunicazione delle entrate sottostante);1;22.10.2023 Elezioni del Consiglio nazionale 2023
it;330;Candidati sostenuti: 59 (per l’elenco dei nomi, vedere la comunicazione delle entrate sottostante), Attore/trice: KMU- und Gewerbeverband Kanton Zürich, Zürich;Alleanza del Centro;Zurigo;Gruppo di candidati (per l’elenco dei nomi, vedere la comunicazione delle entrate sottostante);1;22.10.2023 Elezioni del Consiglio nazionale 2023
it;331;Candidati sostenuti: 6 (per l’elenco dei nomi, vedere la comunicazione delle entrate sottostante), Attore/trice: GRÜNE Thurgau, Sommeri;VERDI Svizzeri;Turgovia;Gruppo di candidati (per l’elenco dei nomi, vedere la comunicazione delle entrate sottostante);1;22.10.2023 Elezioni del Consiglio nazionale 2023
it;332;Candidati sostenuti: 7 (per l’elenco dei nomi, vedere la comunicazione delle entrate sottostante), Attore/trice: Grünliberale Kanton Basel-Landschaft, Liestal;Partito Verde liberale;Basilea-Campagna;Gruppo di candidati (per l’elenco dei nomi, vedere la comunicazione delle entrate sottostante);1;22.10.2023 Elezioni del Consiglio nazionale 2023
it;333;Candidati sostenuti: 2 (per l’elenco dei nomi, vedere la comunicazione delle entrate sottostante), Attore/trice: Sozialdemokratische Partei Bezirk Bülach, Bülach;Partito socialista svizzero;Zurigo;Gruppo di candidati (per l’elenco dei nomi, vedere la comunicazione delle entrate sottostante);1;22.10.2023 Elezioni del Consiglio nazionale 2023
it;334;Bäumle Martin (Zurigo, Partito Verde liberale), Attore/trice: Bäumle Martin, Dübendorf;Partito Verde liberale;Zurigo;Persona singola;1;22.10.2023 Elezioni del Consiglio nazionale 2023
it;337;"""Du hast die Wahl""-Kampagne (in tutta la Svizzera, Indipendente), Attore/trice: Operation Libero, Bern";Indipendente;in tutta la Svizzera;Gruppo di candidati (non é possibile inserire i dettagli di ogni candidato);1;22.10.2023 Elezioni del Consiglio nazionale 2023
it;34;Candidati sostenuti: 21 (per l’elenco dei nomi, vedere la comunicazione delle entrate sottostante), Attore/trice: Alternative - die Grünen Zug, Zug;VERDI Svizzeri;Zugo;Gruppo di candidati (per l’elenco dei nomi, vedere la comunicazione delle entrate sottostante);1;22.10.2023 Elezioni del Consiglio nazionale 2023
it;35;Candidati sostenuti: 12 (per l’elenco dei nomi, vedere la comunicazione delle entrate sottostante), Attore/trice: Die Mitte Basel-Stadt, Basel;Alleanza del Centro;Basilea-Città;Gruppo di candidati (per l’elenco dei nomi, vedere la comunicazione delle entrate sottostante);1;22.10.2023 Elezioni del Consiglio nazionale 2023
it;353;Candidati sostenuti: 124 (per l’elenco dei nomi, vedere la comunicazione delle entrate sottostante), Attore/trice: Società Svizzera degli Impresari-Costruttori (SSIC), Zürich;Alleanza del Centro;Argovia;Gruppo di candidati (per l’elenco dei nomi, vedere la comunicazione delle entrate sottostante);1;22.10.2023 Elezioni del Consiglio nazionale 2023
it;36;Von Overbeck Jan Alfred (Vaud, PLR.I Liberali Radicali), Attore/trice: von Overbeck Jan Alfred, St-Prex;PLR.I Liberali Radicali;Vaud;Persona singola;1;22.10.2023 Elezioni del Consiglio nazionale 2023
it;367;Brenzikofer Florence (Basilea-Campagna, VERDI Svizzeri), Attore/trice: Grüne Baselland, Liestal;VERDI Svizzeri;Basilea-Campagna;Persona singola;1;22.10.2023 Elezioni del Consiglio nazionale 2023
it;37;Bellaiche Judith (Zurigo, Partito Verde liberale), Attore/trice: Bellaïche Jäger Judith, Kilchberg;Partito Verde liberale;Zurigo;Persona singola;1;22.10.2023 Elezioni del Consiglio nazionale 2023
it;38;Candidati sostenuti: 8 (per l’elenco dei nomi, vedere la comunicazione delle entrate sottostante), Attore/trice: Partito Liberale Radicale Ticinese, Bellinzona;PLR.I Liberali Radicali;Ticino;Gruppo di candidati (per l’elenco dei nomi, vedere la comunicazione delle entrate sottostante);1;22.10.2023 Elezioni del Consiglio nazionale 2023
it;380;Gasser Josias (Svitto, Partito Verde liberale), Attore/trice: Grünliberale Partei Kanton Schwyz, Schwyz;Partito Verde liberale;Svitto;Persona singola;1;22.10.2023 Elezioni del Consiglio nazionale 2023
it;384;Glarner Andreas (Argovia, Unione democratica di Centro), Attore/trice: Glarner Andreas, Oberwil-Lieli;Unione democratica di Centro;Argovia;Persona singola;1;22.10.2023 Elezioni del Consiglio nazionale 2023
it;39;Steinmann-Fehr Sabine (Glarona, Partito socialista svizzero), Attore/trice: Sozialdemokratische Partei des Kantons Glarus, Netstal;Partito socialista svizzero;Glarona;Persona singola;1;22.10.2023 Elezioni del Consiglio nazionale 2023
it;4;Feller Olivier (Vaud, PLR.I Liberali Radicali), Attore/trice: Feller Olivier, Genolier;PLR.I Liberali Radicali;Vaud;Persona singola;1;22.10.2023 Elezioni del Consiglio nazionale 2023
it;40;Lanz Raphael (Berna, Unione democratica di Centro), Attore/trice: Lanz Raphael, Thun;Unione democratica di Centro;Berna;Persona singola;1;22.10.2023 Elezioni del Consiglio nazionale 2023
it;41;Wahlzeitung Nationalratswahlen 2023 (in tutta la Svizzera, Indipendente), Attore/trice: Greenpeace Svizzera, Zürich;Indipendente;in tutta la Svizzera;Gruppo di candidati (non é possibile inserire i dettagli di ogni candidato);1;22.10.2023 Elezioni del Consiglio nazionale 2023
it;42;Schoop Adrian (Argovia, PLR.I Liberali Radicali), Attore/trice: Schoop Adrian, Turgi;PLR.I Liberali Radicali;Argovia;Persona singola;1;22.10.2023 Elezioni del Consiglio nazionale 2023
it;43;Candidati sostenuti: 16 (per l’elenco dei nomi, vedere la comunicazione delle entrate sottostante), Attore/trice: Sozialdemokratische Partei Kanton Aargau, Aarau;Partito socialista svizzero;Argovia;Gruppo di candidati (per l’elenco dei nomi, vedere la comunicazione delle entrate sottostante);1;22.10.2023 Elezioni del Consiglio nazionale 2023
it;44;Candidati sostenuti: 8 (per l’elenco dei nomi, vedere la comunicazione delle entrate sottostante), Attore/trice: Sozialdemokratische Partei Basel-Stadt, Basel-Stadt;Partito socialista svizzero;Basilea-Città;Gruppo di candidati (per l’elenco dei nomi, vedere la comunicazione delle entrate sottostante);1;22.10.2023 Elezioni del Consiglio nazionale 2023
it;46;Nussbaum Adrian (Lucerna, Alleanza del Centro), Attore/trice: Nussbaum Adrian, Hochdorf;Alleanza del Centro;Lucerna;Persona singola;1;22.10.2023 Elezioni del Consiglio nazionale 2023
it;47;Candidati sostenuti: 9 (per l’elenco dei nomi, vedere la comunicazione delle entrate sottostante), Attore/trice: Schweizerische Volkspartei des Kantons Luzern, Aesch;Unione democratica di Centro;Lucerna;Gruppo di candidati (per l’elenco dei nomi, vedere la comunicazione delle entrate sottostante);1;22.10.2023 Elezioni del Consiglio nazionale 2023
it;48;Candidati sostenuti: 4 (per l’elenco dei nomi, vedere la comunicazione delle entrate sottostante), Attore/trice: Les Vert-e-s neuchâtelois-es, Neuchâtel;VERDI Svizzeri;Neuchâtel;Gruppo di candidati (per l’elenco dei nomi, vedere la comunicazione delle entrate sottostante);1;22.10.2023 Elezioni del Consiglio nazionale 2023
it;5;Candidati sostenuti: 7 (per l’elenco dei nomi, vedere la comunicazione delle entrate sottostante), Attore/trice: Schweizerische Volkspartei des Kantons Thurgau, Mettlen;Unione democratica di Centro;Turgovia;Gruppo di candidati (per l’elenco dei nomi, vedere la comunicazione delle entrate sottostante);1;22.10.2023 Elezioni del Consiglio nazionale 2023
it;50;Candidati sostenuti: 9 (per l’elenco dei nomi, vedere la comunicazione delle entrate sottostante), Attore/trice: Grünliberale Kanton Luzern, Luzern;Partito Verde liberale;Lucerna;Gruppo di candidati (per l’elenco dei nomi, vedere la comunicazione delle entrate sottostante);1;22.10.2023 Elezioni del Consiglio nazionale 2023
it;51;Candidati sostenuti: 68 (per l’elenco dei nomi, vedere la comunicazione delle entrate sottostante), Attore/trice: Società Svizzera degli Impresari-Costruttori (SSIC), Zürich;Alleanza del Centro;Argovia;Gruppo di candidati (per l’elenco dei nomi, vedere la comunicazione delle entrate sottostante);1;22.10.2023 Elezioni del Consiglio nazionale 2023
it;52;Walliser Bruno (Zurigo, Unione democratica di Centro), Attore/trice: Walliser Bruno, Volketswil;Unione democratica di Centro;Zurigo;Persona singola;1;22.10.2023 Elezioni del Consiglio nazionale 2023
it;53;Candidati sostenuti: 12 (per l’elenco dei nomi, vedere la comunicazione delle entrate sottostante), Attore/trice: Grünliberale Partei des Kantons Solothurn, Solothurn;Partito Verde liberale;Soletta;Gruppo di candidati (per l’elenco dei nomi, vedere la comunicazione delle entrate sottostante);1;22.10.2023 Elezioni del Consiglio nazionale 2023
it;54;Candidati sostenuti: 24 (per l’elenco dei nomi, vedere la comunicazione delle entrate sottostante), Attore/trice: Die Mitte Kanton St. Gallen, St. Gallen;Alleanza del Centro;San Gallo;Gruppo di candidati (per l’elenco dei nomi, vedere la comunicazione delle entrate sottostante);1;22.10.2023 Elezioni del Consiglio nazionale 2023
it;55;Salzmann Werner (Berna, Unione democratica di Centro), Attore/trice: Überparteiliches Wahlkomitee Werner Salzmann in den Ständerat, Mülchi;Unione democratica di Centro;Berna;Persona singola;1;22.10.2023 Elezioni del Consiglio nazionale 2023
it;56;SP Schweiz Nationalratswahlen 2023 (in tutta la Svizzera, Partito socialista svizzero), Attore/trice: Sozialdemokratische Partei der Schweiz, Bern;Partito socialista svizzero;in tutta la Svizzera;Gruppo di candidati (non é possibile inserire i dettagli di ogni candidato);1;22.10.2023 Elezioni del Consiglio nazionale 2023
it;57;Brunner Susanne (Zurigo, Unione democratica di Centro), Attore/trice: Brunner Susanne, Zürich;Unione democratica di Centro;Zurigo;Persona singola;1;22.10.2023 Elezioni del Consiglio nazionale 2023
it;58;Candidati sostenuti: 2 (per l’elenco dei nomi, vedere la comunicazione delle entrate sottostante), Attore/trice: Mike Egger und Sascha Schmid in den Nationalrat, Au;Unione democratica di Centro;San Gallo;Gruppo di candidati (per l’elenco dei nomi, vedere la comunicazione delle entrate sottostante);1;22.10.2023 Elezioni del Consiglio nazionale 2023
it;59;Candidati sostenuti: 36 (per l’elenco dei nomi, vedere la comunicazione delle entrate sottostante), Attore/trice: FDP.Die Liberalen Kanton Zürich, Zürich;PLR.I Liberali Radicali;Zurigo;Gruppo di candidati (per l’elenco dei nomi, vedere la comunicazione delle entrate sottostante);1;22.10.2023 Elezioni del Consiglio nazionale 2023
it;6;Schmid Pascal (Turgovia, Unione democratica di Centro), Attore/trice: Schmid Pascal, Weinfelden;Unione democratica di Centro;Turgovia;Persona singola;1;22.10.2023 Elezioni del Consiglio nazionale 2023
it;60;Candidati sostenuti: 19 (per l’elenco dei nomi, vedere la comunicazione delle entrate sottostante), Attore/trice: Freisinnig-Demokratische Partei der Stadt Zürich, Zürich;PLR.I Liberali Radicali;Zurigo;Gruppo di candidati (per l’elenco dei nomi, vedere la comunicazione delle entrate sottostante);1;22.10.2023 Elezioni del Consiglio nazionale 2023
it;61;Candidati sostenuti: 9 (per l’elenco dei nomi, vedere la comunicazione delle entrate sottostante), Attore/trice: FDP.Die Liberalen Luzern, Luzern;PLR.I Liberali Radicali;Lucerna;Gruppo di candidati (per l’elenco dei nomi, vedere la comunicazione delle entrate sottostante);1;22.10.2023 Elezioni del Consiglio nazionale 2023
it;63;Candidati sostenuti: 12 (per l’elenco dei nomi, vedere la comunicazione delle entrate sottostante), Attore/trice: Les Vert-e-s genevoi-es (parti écologiste genevois), Genève 4;VERDI Svizzeri;Ginevra;Gruppo di candidati (per l’elenco dei nomi, vedere la comunicazione delle entrate sottostante);1;22.10.2023 Elezioni del Consiglio nazionale 2023
it;64;Candidati sostenuti: 57 (per l’elenco dei nomi, vedere la comunicazione delle entrate sottostante), Attore/trice: PLR.Les Libéraux-Radicaux Vaud, Lausanne;PLR.I Liberali Radicali;Vaud;Gruppo di candidati (per l’elenco dei nomi, vedere la comunicazione delle entrate sottostante);1;22.10.2023 Elezioni del Consiglio nazionale 2023
it;66;Josi Barbara (Berna, Unione democratica di Centro), Attore/trice: Josi Barbara, Wimmis;Unione democratica di Centro;Berna;Persona singola;1;22.10.2023 Elezioni del Consiglio nazionale 2023
it;67;Candidati sostenuti: 14 (per l’elenco dei nomi, vedere la comunicazione delle entrate sottostante), Attore/trice: Freisinnig-Demokratische Partei Graubünden, Chur;PLR.I Liberali Radicali;Grigioni;Gruppo di candidati (per l’elenco dei nomi, vedere la comunicazione delle entrate sottostante);1;22.10.2023 Elezioni del Consiglio nazionale 2023
it;68;Hess Lorenz (Berna, Alleanza del Centro), Attore/trice: Hess Lorenz, Stettlen;Alleanza del Centro;Berna;Persona singola;1;22.10.2023 Elezioni del Consiglio nazionale 2023
it;7;Candidati sostenuti: 8 (per l’elenco dei nomi, vedere la comunicazione delle entrate sottostante), Attore/trice: Le Centre Jura, Glovelier;Alleanza del Centro;Giura;Gruppo di candidati (per l’elenco dei nomi, vedere la comunicazione delle entrate sottostante);1;22.10.2023 Elezioni del Consiglio nazionale 2023
it;70;Götte Michael (San Gallo, Unione democratica di Centro), Attore/trice: Götte Michael, Tübach;Unione democratica di Centro;San Gallo;Persona singola;1;22.10.2023 Elezioni del Consiglio nazionale 2023
it;71;Candidati sostenuti: 160 (per l’elenco dei nomi, vedere la comunicazione delle entrate sottostante), Attore/trice: GastroSuisse, Zürich;Alleanza del Centro;Argovia;Gruppo di candidati (per l’elenco dei nomi, vedere la comunicazione delle entrate sottostante);1;22.10.2023 Elezioni del Consiglio nazionale 2023
it;72;Gianini Simone (Ticino, PLR.I Liberali Radicali), Attore/trice: Gianini Simone, Bellinzona;PLR.I Liberali Radicali;Ticino;Persona singola;1;22.10.2023 Elezioni del Consiglio nazionale 2023
it;73;Wehrli Laurent (Vaud, PLR.I Liberali Radicali), Attore/trice: Wehrli Laurent, Glion;PLR.I Liberali Radicali;Vaud;Persona singola;1;22.10.2023 Elezioni del Consiglio nazionale 2023
it;75;Candidati sostenuti: 48 (per l’elenco dei nomi, vedere la comunicazione delle entrate sottostante), Attore/trice: Sozialdemokratische Partei des Kantons Bern, Bern;Partito socialista svizzero;Berna;Gruppo di candidati (per l’elenco dei nomi, vedere la comunicazione delle entrate sottostante);1;22.10.2023 Elezioni del Consiglio nazionale 2023
it;76;Simone de Montmollin, Cyril Aellen, Diane Barbier-Mueller, Lionel Halpérin, Véronique Kämpfen, Alexandre de Senarclens (Ginevra, PLR.I Liberali Radicali), Attore/trice: Parti libéral-radical genevois, Genève;PLR.I Liberali Radicali;Ginevra;Gruppo di candidati (non é possibile inserire i dettagli di ogni candidato);1;22.10.2023 Elezioni del Consiglio nazionale 2023
it;77;Stadelmann Karin (Lucerna, Alleanza del Centro), Attore/trice: Stadelmann Karin, Luzern;Alleanza del Centro;Lucerna;Persona singola;1;22.10.2023 Elezioni del Consiglio nazionale 2023
it;78;Dobler Marcel  (San Gallo, PLR.I Liberali Radicali), Attore/trice: Dobler Marcel, Jona;PLR.I Liberali Radicali;San Gallo;Persona singola;1;22.10.2023 Elezioni del Consiglio nazionale 2023
it;79;Umbricht Pieren Nadja (Berna, Unione democratica di Centro), Attore/trice: Umbricht-Pieren Nadja, Kaltacker (Gemeinde Heimiswil);Unione democratica di Centro;Berna;Persona singola;1;22.10.2023 Elezioni del Consiglio nazionale 2023
it;80;Candidati sostenuti: 16 (per l’elenco dei nomi, vedere la comunicazione delle entrate sottostante), Attore/trice: Evangelische Volkspartei des Kantons Aargau, Aarau;Partito evangelico svizzero;Argovia;Gruppo di candidati (per l’elenco dei nomi, vedere la comunicazione delle entrate sottostante);1;22.10.2023 Elezioni del Consiglio nazionale 2023
it;81;Pfister Gerhard (Zugo, Alleanza del Centro), Attore/trice: Pfister Gerhard, Oberägeri;Alleanza del Centro;Zugo;Persona singola;1;22.10.2023 Elezioni del Consiglio nazionale 2023
it;82;Guggisberg Lars (Berna, Unione democratica di Centro), Attore/trice: Guggisberg Lars, Kirchlindach;Unione democratica di Centro;Berna;Persona singola;1;22.10.2023 Elezioni del Consiglio nazionale 2023
it;83;Candidati sostenuti: 7 (per l’elenco dei nomi, vedere la comunicazione delle entrate sottostante), Attore/trice: Sozialdemokratische Partei Kanton Baselland, Liestal;Partito socialista svizzero;Basilea-Campagna;Gruppo di candidati (per l’elenco dei nomi, vedere la comunicazione delle entrate sottostante);1;22.10.2023 Elezioni del Consiglio nazionale 2023
it;84;Tischhauser Matthias (Appenzello Esterno, PLR.I Liberali Radicali), Attore/trice: FDP.Die Liberalen des Kantons Appenzell Ausserrhoden, Heiden;PLR.I Liberali Radicali;Appenzello Esterno;Persona singola;1;22.10.2023 Elezioni del Consiglio nazionale 2023
it;85;Dachkampagne jglp Schweiz (in tutta la Svizzera, Partito Verde liberale), Attore/trice: Junge Grünliberale Partei Schweiz, Bern;Partito Verde liberale;in tutta la Svizzera;Gruppo di candidati (non é possibile inserire i dettagli di ogni candidato);1;22.10.2023 Elezioni del Consiglio nazionale 2023
it;86;Jauslin Matthias Samuel (Argovia, PLR.I Liberali Radicali), Attore/trice: Jauslin Matthias Samuel, Wohlen;PLR.I Liberali Radicali;Argovia;Persona singola;1;22.10.2023 Elezioni del Consiglio nazionale 2023
it;87;Bregy Philipp Matthias (Vallese, Alleanza del Centro), Attore/trice: Bregy Philipp Matthias, Naters;Alleanza del Centro;Vallese;Persona singola;1;22.10.2023 Elezioni del Consiglio nazionale 2023
it;88;Elections fédérales 2023 / Eidgenössische Wahlen 2023 (in tutta la Svizzera, PLR.I Liberali Radicali), Attore/trice: PLR.I Liberali Radicali, Bern;PLR.I Liberali Radicali;in tutta la Svizzera;Gruppo di candidati (non é possibile inserire i dettagli di ogni candidato);1;22.10.2023 Elezioni del Consiglio nazionale 2023
it;89;Addor Jean-Luc (Vallese, Unione democratica di Centro), Attore/trice: Addor Jean-Luc, Savièse;Unione democratica di Centro;Vallese;Persona singola;1;22.10.2023 Elezioni del Consiglio nazionale 2023
it;90;Gobet Nadine (Friburgo, PLR.I Liberali Radicali), Attore/trice: Gobet Nadine, Bulle;PLR.I Liberali Radicali;Friburgo;Persona singola;1;22.10.2023 Elezioni del Consiglio nazionale 2023
it;91;Candidati sostenuti: 36 (per l’elenco dei nomi, vedere la comunicazione delle entrate sottostante), Attore/trice: Grünliberale Kanton Zürich, Zürich;Partito Verde liberale;Zurigo;Gruppo di candidati (per l’elenco dei nomi, vedere la comunicazione delle entrate sottostante);1;22.10.2023 Elezioni del Consiglio nazionale 2023
it;92;Candidati sostenuti: 8 (per l’elenco dei nomi, vedere la comunicazione delle entrate sottostante), Attore/trice: Partito Socialista Ticino, Bellinzona;Partito socialista svizzero;Ticino;Gruppo di candidati (per l’elenco dei nomi, vedere la comunicazione delle entrate sottostante);1;22.10.2023 Elezioni del Consiglio nazionale 2023
it;93;Candidati sostenuti: 10 (per l’elenco dei nomi, vedere la comunicazione delle entrate sottostante), Attore/trice: Die Mitte Kanton Luzern, Luzern;Alleanza del Centro;Lucerna;Gruppo di candidati (per l’elenco dei nomi, vedere la comunicazione delle entrate sottostante);1;22.10.2023 Elezioni del Consiglio nazionale 2023
it;94;Candidati sostenuti: 8 (per l’elenco dei nomi, vedere la comunicazione delle entrate sottostante), Attore/trice: Campax, Zürich;Partito socialista svizzero;Argovia;Gruppo di candidati (per l’elenco dei nomi, vedere la comunicazione delle entrate sottostante);1;22.10.2023 Elezioni del Consiglio nazionale 2023
it;96;Alijaj Islam (Zurigo, Partito socialista svizzero), Attore/trice: Alijaj Islam, Zürich;Partito socialista svizzero;Zurigo;Persona singola;1;22.10.2023 Elezioni del Consiglio nazionale 2023
it;97;Gutjahr Diana (Turgovia, Unione democratica di Centro), Attore/trice: Wahlkomitee Nationalratswahlen 2023 von Diana Gutjahr, Amriswil;Unione democratica di Centro;Turgovia;Persona singola;1;22.10.2023 Elezioni del Consiglio nazionale 2023
it;98;de Courten Thomas (Basilea-Campagna, Unione democratica di Centro), Attore/trice: Komitee Thomas de Courten in den Nationalrat, Rünenberg;Unione democratica di Centro;Basilea-Campagna;Persona singola;1;22.10.2023 Elezioni del Consiglio nazionale 2023
it;99;Knutti Thomas (Berna, Unione democratica di Centro), Attore/trice: Thomas Knutti in den Nationalrat!, Oberwil im Simmental;Unione democratica di Centro;Berna;Persona singola;1;22.10.2023 Elezioni del Consiglio nazionale 2023
it;342;Schmid Martin (Grigioni, PLR.I Liberali Radicali), Attore/trice: Schmid Martin, Chur;PLR.I Liberali Radicali;Grigioni;Persona singola;2;22.10.2023 Elezioni del Consiglio agli Stati 2023
it;343;Michel Matthias (Zugo, PLR.I Liberali Radicali), Attore/trice: Donatorenverein Wahlkampf Ständerat Matthias Michel, Zug;PLR.I Liberali Radicali;Zugo;Persona singola;2;22.10.2023 Elezioni del Consiglio agli Stati 2023
it;344;Müller Damian (Lucerna, PLR.I Liberali Radicali), Attore/trice: Müller Damian, Hitzkirch;PLR.I Liberali Radicali;Lucerna;Persona singola;2;22.10.2023 Elezioni del Consiglio agli Stati 2023
it;345;Candidati sostenuti: 2 (per l’elenco dei nomi, vedere la comunicazione delle entrate sottostante), Attore/trice: Kantonaler Gewerbeverband St. Gallen, St. Gallen;Alleanza del Centro;San Gallo;Gruppo di candidati (per l’elenco dei nomi, vedere la comunicazione delle entrate sottostante);2;22.10.2023 Elezioni del Consiglio agli Stati 2023
it;346;Candidati sostenuti: 47 (per l’elenco dei nomi, vedere la comunicazione delle entrate sottostante), Attore/trice: GastroSuisse, Zürich;Alleanza del Centro;Argovia;Gruppo di candidati (per l’elenco dei nomi, vedere la comunicazione delle entrate sottostante);2;22.10.2023 Elezioni del Consiglio agli Stati 2023
it;347;Burkart Thierry (Argovia, PLR.I Liberali Radicali), Attore/trice: Burkart Thierry, Lengnau;PLR.I Liberali Radicali;Argovia;Persona singola;2;22.10.2023 Elezioni del Consiglio agli Stati 2023
it;348;Gössi Petra (Svitto, PLR.I Liberali Radicali), Attore/trice: Gössi Petra, Küssnacht am Rigi;PLR.I Liberali Radicali;Svitto;Persona singola;2;22.10.2023 Elezioni del Consiglio agli Stati 2023
it;351;Binder-Keller Marianne (Argovia, Alleanza del Centro), Attore/trice: Binder-Keller Marianne, Baden;Alleanza del Centro;Argovia;Persona singola;2;22.10.2023 Elezioni del Consiglio agli Stati 2023
it;352;Graf Maya (Basilea-Campagna, VERDI Svizzeri), Attore/trice: UNTERSTÜTZUNGSKOMITEE MAYA GRAF - UNSERE STÄNDERÄTIN WIEDER NACH BERN, Sissach;VERDI Svizzeri;Basilea-Campagna;Persona singola;2;22.10.2023 Elezioni del Consiglio agli Stati 2023
it;354;Häberli-Koller Brigitte (Turgovia, Alleanza del Centro), Attore/trice: Die Mitte Thurgau, Stettfurt;Alleanza del Centro;Turgovia;Persona singola;2;22.10.2023 Elezioni del Consiglio agli Stati 2023
it;355;Jositsch Daniel (Zurigo, Partito socialista svizzero), Attore/trice: Jositsch Daniel, Stäfa;Partito socialista svizzero;Zurigo;Persona singola;2;22.10.2023 Elezioni del Consiglio agli Stati 2023
it;356;Regazzi Fabio (Ticino, Alleanza del Centro), Attore/trice: Regazzi Fabio, Gordola;Alleanza del Centro;Ticino;Persona singola;2;22.10.2023 Elezioni del Consiglio agli Stati 2023
it;357;Gmür-Schönenberger Andrea (Lucerna, Alleanza del Centro), Attore/trice: Gmür-Schönenberger Andrea, Luzern;Alleanza del Centro;Lucerna;Persona singola;2;22.10.2023 Elezioni del Consiglio agli Stati 2023
it;358;Wasserfallen Flavia (Berna, Partito socialista svizzero), Attore/trice: Komitee Flavia in den Ständerat, Bern;Partito socialista svizzero;Berna;Persona singola;2;22.10.2023 Elezioni del Consiglio agli Stati 2023
it;359;Schwander Pirmin (Svitto, Unione democratica di Centro), Attore/trice: Schweizerische Volkspartei Kanton Schwyz, Steinen;Unione democratica di Centro;Svitto;Persona singola;2;22.10.2023 Elezioni del Consiglio agli Stati 2023
it;360;Gössi Petra (Svitto, PLR.I Liberali Radicali), Attore/trice: FDP.Die Liberalen Kanton Schwyz, Gersau;PLR.I Liberali Radicali;Svitto;Persona singola;2;22.10.2023 Elezioni del Consiglio agli Stati 2023
it;361;Herzog Eva (Basilea-Città, Partito socialista svizzero), Attore/trice: Sozialdemokratische Partei Basel-Stadt, Basel-Stadt;Partito socialista svizzero;Basilea-Città;Persona singola;2;22.10.2023 Elezioni del Consiglio agli Stati 2023
it;364;Roth Franziska (Soletta, Partito socialista svizzero), Attore/trice: Sozialdemokratische Partei des Kantons Solothurn, Solothurn;Partito socialista svizzero;Soletta;Persona singola;2;22.10.2023 Elezioni del Consiglio agli Stati 2023
it;365;Schmid Martin (Grigioni, PLR.I Liberali Radicali), Attore/trice: Freisinnig-Demokratische Partei Graubünden, Chur;PLR.I Liberali Radicali;Grigioni;Persona singola;2;22.10.2023 Elezioni del Consiglio agli Stati 2023
it;366;Gapany Johanna (Friburgo, PLR.I Liberali Radicali), Attore/trice: Gapany Johanna, Bulle;PLR.I Liberali Radicali;Friburgo;Persona singola;2;22.10.2023 Elezioni del Consiglio agli Stati 2023
it;369;Stocker Simon (Sciaffusa, Partito socialista svizzero), Attore/trice: Stocker Simon, Schaffhausen;Partito socialista svizzero;Sciaffusa;Persona singola;2;22.10.2023 Elezioni del Consiglio agli Stati 2023
it;370;Salzmann Werner (Berna, Unione democratica di Centro), Attore/trice: Überparteiliches Wahlkomitee Werner Salzmann in den Ständerat, Mülchi;Unione democratica di Centro;Berna;Persona singola;2;22.10.2023 Elezioni del Consiglio agli Stati 2023
it;372;Candidati sostenuti: 2 (per l’elenco dei nomi, vedere la comunicazione delle entrate sottostante), Attore/trice: Alliance Vaudoise, Lausanne;PLR.I Liberali Radicali;Vaud;Gruppo di candidati (per l’elenco dei nomi, vedere la comunicazione delle entrate sottostante);2;22.10.2023 Elezioni del Consiglio agli Stati 2023
it;373;Stark Jakob (Turgovia, Unione democratica di Centro), Attore/trice: Stark Jakob, Kradolf-Schönenberg;Unione democratica di Centro;Turgovia;Persona singola;2;22.10.2023 Elezioni del Consiglio agli Stati 2023
it;375;Candidati sostenuti: 2 (per l’elenco dei nomi, vedere la comunicazione delle entrate sottostante), Attore/trice: Les Vert-e-s neuchâtelois-es, Neuchâtel;VERDI Svizzeri;Neuchâtel;Gruppo di candidati (per l’elenco dei nomi, vedere la comunicazione delle entrate sottostante);2;22.10.2023 Elezioni del Consiglio agli Stati 2023
it;376;Germann Hannes (Sciaffusa, Unione democratica di Centro), Attore/trice: Schweizerische Volkspartei des Kantons Schaffhausen, Schaffhausen;Unione democratica di Centro;Sciaffusa;Persona singola;2;22.10.2023 Elezioni del Consiglio agli Stati 2023
it;377;Moser Tiana Angelina (Zurigo, Partito Verde liberale), Attore/trice: Moser Tiana Angelina, Zürich;Partito Verde liberale;Zurigo;Persona singola;2;22.10.2023 Elezioni del Consiglio agli Stati 2023
it;378;Würth Benedikt (San Gallo, Alleanza del Centro), Attore/trice: Würth Benedikt, Rapperswil-Jona;Alleanza del Centro;San Gallo;Persona singola;2;22.10.2023 Elezioni del Consiglio agli Stati 2023
it;379;Candidati sostenuti: 2 (per l’elenco dei nomi, vedere la comunicazione delle entrate sottostante), Attore/trice: Campagne commune des candidat-es PS et Vert-es à l'élection au Conseil des États - Genève, Genève;Partito socialista svizzero;Ginevra;Gruppo di candidati (per l’elenco dei nomi, vedere la comunicazione delle entrate sottostante);2;22.10.2023 Elezioni del Consiglio agli Stati 2023
it;381;Engler Stefan (Grigioni, Alleanza del Centro), Attore/trice: Alleanza del Centro Grigioni, Coira;Alleanza del Centro;Grigioni;Persona singola;2;22.10.2023 Elezioni del Consiglio agli Stati 2023
it;383;Vara Céline (Neuchâtel, VERDI Svizzeri), Attore/trice: Vara Céline, Cressier;VERDI Svizzeri;Neuchâtel;Persona singola;2;22.10.2023 Elezioni del Consiglio agli Stati 2023
it;385;Candidati sostenuti: 2 (per l’elenco dei nomi, vedere la comunicazione delle entrate sottostante), Attore/trice: Les Vert.e.s, mouvement écologiste vaudois, Lausanne;Partito socialista svizzero;Vaud;Gruppo di candidati (per l’elenco dei nomi, vedere la comunicazione delle entrate sottostante);2;22.10.2023 Elezioni del Consiglio agli Stati 2023
it;386;Chiesa Marco (Ticino, Unione democratica di Centro), Attore/trice: Chiesa Marco, Ruvigliana;Unione democratica di Centro;Ticino;Persona singola;2;22.10.2023 Elezioni del Consiglio agli Stati 2023
it;387;Friedli Esther (San Gallo, Unione democratica di Centro), Attore/trice: Friedli Esther, Ebnat-Kappel;Unione democratica di Centro;San Gallo;Persona singola;2;22.10.2023 Elezioni del Consiglio agli Stati 2023
it;388;Chassot Isabelle (Friburgo, Alleanza del Centro), Attore/trice: Chassot Isabelle, Granges-Paccot;Alleanza del Centro;Friburgo;Persona singola;2;22.10.2023 Elezioni del Consiglio agli Stati 2023
it;389;Moser Tiana  (Zurigo, Partito Verde liberale), Attore/trice: Umweltallianz, Zürich;Partito Verde liberale;Zurigo;Persona singola;2;22.10.2023 Elezioni del Consiglio agli Stati 2023
it;392;Maret Marianne (Vallese, Alleanza del Centro), Attore/trice: Maret Marianne, Troistorrents;Alleanza del Centro;Vallese;Persona singola;2;22.10.2023 Elezioni del Consiglio agli Stati 2023
it;393;Rieder Beat (Vallese, Alleanza del Centro), Attore/trice: Rieder Beat, Wiler;Alleanza del Centro;Vallese;Persona singola;2;22.10.2023 Elezioni del Consiglio agli Stati 2023
it;394;Candidati sostenuti: 2 (per l’elenco dei nomi, vedere la comunicazione delle entrate sottostante), Attore/trice: Alliance Genevoise (MCG-UDC), Genève;Altri partiti politici;Ginevra;Gruppo di candidati (per l’elenco dei nomi, vedere la comunicazione delle entrate sottostante);2;22.10.2023 Elezioni del Consiglio agli Stati 2023
it;395;Bischof Pirmin (Soletta, Alleanza del Centro), Attore/trice: Bischof Pirmin, Solothurn;Alleanza del Centro;Soletta;Persona singola;2;22.10.2023 Elezioni del Consiglio agli Stati 2023
it;408;Michel Matthias (Zugo, PLR.I Liberali Radicali), Attore/trice: FDP.Die Liberalen Zug, Zug;PLR.I Liberali Radicali;Zugo;Persona singola;2;22.10.2023 Elezioni del Consiglio agli Stati 2023
it;525;Brüngger Severin (Sciaffusa, PLR.I Liberali Radicali), Attore/trice: FDP.Die Liberalen Kanton Schaffhausen, Schaffhausen;PLR.I Liberali Radicali;Sciaffusa;Persona singola;22;29.06.2025 Elezione del Consiglio agli Stati (Sciaffusa)
it;548;Bischof Edgar (Appenzello Esterno, Unione democratica di Centro), Attore/trice: Schweizerische Volkspartei von Appenzell Ausserrhoden, Schönengrund;Unione democratica di Centro;Appenzello Esterno;Persona singola;27;08.03.2026 Elezione del Consiglio nazionale (Appenzello Esterno)
it;564;Abderhalden Jennifer (Appenzello Esterno, PLR.I Liberali Radicali), Attore/trice: FDP.Die Liberalen des Kantons Appenzell Ausserrhoden, Heiden;PLR.I Liberali Radicali;Appenzello Esterno;Persona singola;27;08.03.2026 Elezione del Consiglio nazionale (Appenzello Esterno)
